Year,URL,isPublic,Type,Era,label,image_path
1812,https://images.metmuseum.org/CRDImages/ep/original/57117.jpg,True,painting,1810s,0,../DATA/images/img_0.jpg
1885,https://images.metmuseum.org/CRDImages/ep/original/DP238263.jpg,True,painting,1880s,0,../DATA/images/img_1.jpg
1892,https://images.metmuseum.org/CRDImages/ep/original/DT1952.jpg,True,painting,1890s,0,../DATA/images/img_2.jpg
1897,https://images.metmuseum.org/CRDImages/ep/original/ep1974.356.35.R.jpg,True,painting,1890s,0,../DATA/images/img_3.jpg
1800,https://images.metmuseum.org/CRDImages/dp/original/DP803887.jpg,True,drawing,1800s,1,../DATA/images/img_4.jpg
1830,https://images.metmuseum.org/CRDImages/dp/original/DP811385.jpg,True,drawing,1830s,1,../DATA/images/img_5.jpg
1873,https://images.metmuseum.org/CRDImages/ep/original/DP-33707-001.jpg,True,painting,1870s,0,../DATA/images/img_6.jpg
1826,https://images.metmuseum.org/CRDImages/dp/original/DP805700.jpg,True,drawing,1820s,1,../DATA/images/img_7.jpg
1810,https://images.metmuseum.org/CRDImages/ep/original/175417.jpg,True,painting,1810s,0,../DATA/images/img_8.jpg
1810,https://images.metmuseum.org/CRDImages/dp/original/DP819681.jpg,True,drawing,1810s,1,../DATA/images/img_9.jpg
1878,https://images.metmuseum.org/CRDImages/dp/original/DP801362.jpg,True,drawing,1870s,1,../DATA/images/img_10.jpg
1830,https://images.metmuseum.org/CRDImages/ep/original/126053.jpg,True,painting,1830s,0,../DATA/images/img_11.jpg
1833,https://images.metmuseum.org/CRDImages/ep/original/DP143197.jpg,True,painting,1830s,0,../DATA/images/img_12.jpg
1890,https://images.metmuseum.org/CRDImages/ep/original/DT10262.jpg,True,painting,1890s,0,../DATA/images/img_13.jpg
1840,https://images.metmuseum.org/CRDImages/dp/original/DP800791.jpg,True,drawing,1840s,1,../DATA/images/img_14.jpg
1810,https://images.metmuseum.org/CRDImages/dp/original/DP805142.jpg,True,drawing,1810s,1,../DATA/images/img_15.jpg
1800,https://images.metmuseum.org/CRDImages/dp/original/DP806068.jpg,True,drawing,1800s,1,../DATA/images/img_16.jpg
1823,https://images.metmuseum.org/CRDImages/ep/original/DP-14345-001.jpg,True,painting,1820s,0,../DATA/images/img_17.jpg
1889,https://images.metmuseum.org/CRDImages/dp/original/DP807939.jpg,True,drawing,1880s,1,../DATA/images/img_18.jpg
1824,https://images.metmuseum.org/CRDImages/ep/original/DP212416.jpg,True,painting,1820s,0,../DATA/images/img_19.jpg
1840,https://images.metmuseum.org/CRDImages/ep/original/DP103071.jpg,True,painting,1840s,0,../DATA/images/img_20.jpg
1875,https://images.metmuseum.org/CRDImages/dp/original/DP881851.jpg,True,drawing,1870s,1,../DATA/images/img_21.jpg
1883,https://images.metmuseum.org/CRDImages/dp/original/DP-30143-001.jpg,True,drawing,1880s,1,../DATA/images/img_22.jpg
1865,https://images.metmuseum.org/CRDImages/ep/original/DP-14936-031.jpg,True,painting,1870s,0,../DATA/images/img_23.jpg
1800,https://images.metmuseum.org/CRDImages/dp/original/DP807515.jpg,True,drawing,1800s,1,../DATA/images/img_24.jpg
1801,https://images.metmuseum.org/CRDImages/ep/original/DP161648.jpg,True,painting,1800s,0,../DATA/images/img_25.jpg
1810,https://images.metmuseum.org/CRDImages/dp/original/DP815492.jpg,True,drawing,1810s,1,../DATA/images/img_26.jpg
1897,https://images.metmuseum.org/CRDImages/dp/original/DP808092.jpg,True,drawing,1890s,1,../DATA/images/img_27.jpg
1892,https://images.metmuseum.org/CRDImages/dp/original/DP877179.jpg,True,drawing,1890s,1,../DATA/images/img_28.jpg
1887,https://images.metmuseum.org/CRDImages/ep/original/DT2167.jpg,True,painting,1880s,0,../DATA/images/img_29.jpg
1885,https://images.metmuseum.org/CRDImages/dp/original/DP801081.jpg,True,drawing,1880s,1,../DATA/images/img_30.jpg
1829,https://images.metmuseum.org/CRDImages/dp/original/MM91765.jpg,True,drawing,1820s,1,../DATA/images/img_31.jpg
1832,https://images.metmuseum.org/CRDImages/dp/original/DP836042.jpg,True,drawing,1830s,1,../DATA/images/img_32.jpg
1800,https://images.metmuseum.org/CRDImages/dp/original/DP803898.jpg,True,drawing,1800s,1,../DATA/images/img_33.jpg
1830,https://images.metmuseum.org/CRDImages/dp/original/DP809685.jpg,True,drawing,1830s,1,../DATA/images/img_34.jpg
1844,https://images.metmuseum.org/CRDImages/dp/original/DP880059.jpg,True,drawing,1840s,1,../DATA/images/img_35.jpg
1844,https://images.metmuseum.org/CRDImages/dp/original/DP826438.jpg,True,drawing,1840s,1,../DATA/images/img_36.jpg
1840,https://images.metmuseum.org/CRDImages/dp/original/DP860365.jpg,True,drawing,1840s,1,../DATA/images/img_37.jpg
1830,https://images.metmuseum.org/CRDImages/ep/original/DP136056.jpg,True,painting,1830s,0,../DATA/images/img_38.jpg
1815,https://images.metmuseum.org/CRDImages/ep/original/175493.jpg,True,painting,1810s,0,../DATA/images/img_39.jpg
1847,https://images.metmuseum.org/CRDImages/dp/original/DP842166.jpg,True,drawing,1840s,1,../DATA/images/img_40.jpg
1885,https://images.metmuseum.org/CRDImages/ep/original/DP265190.jpg,True,painting,1880s,0,../DATA/images/img_41.jpg
1850,https://images.metmuseum.org/CRDImages/dp/original/DP811648.jpg,True,drawing,1850s,1,../DATA/images/img_42.jpg
1841,https://images.metmuseum.org/CRDImages/dp/original/DP836166.jpg,True,drawing,1840s,1,../DATA/images/img_43.jpg
1875,https://images.metmuseum.org/CRDImages/dp/original/DP805573.jpg,True,drawing,1870s,1,../DATA/images/img_44.jpg
1835,https://images.metmuseum.org/CRDImages/ep/original/DP-14346-001.jpg,True,painting,1830s,0,../DATA/images/img_45.jpg
1850,https://images.metmuseum.org/CRDImages/dp/original/DP804196.jpg,True,drawing,1850s,1,../DATA/images/img_46.jpg
1805,https://images.metmuseum.org/CRDImages/ep/original/258496.jpg,True,painting,1800s,0,../DATA/images/img_47.jpg
1887,https://images.metmuseum.org/CRDImages/ep/original/DP354143.jpg,True,painting,1880s,0,../DATA/images/img_48.jpg
1818,https://images.metmuseum.org/CRDImages/ep/original/DP-23366-001.jpg,True,painting,1810s,0,../DATA/images/img_49.jpg
1855,https://images.metmuseum.org/CRDImages/dp/original/DP805851.jpg,True,drawing,1850s,1,../DATA/images/img_50.jpg
1894,https://images.metmuseum.org/CRDImages/ep/original/DT1924.jpg,True,painting,1890s,0,../DATA/images/img_51.jpg
1836,https://images.metmuseum.org/CRDImages/ep/original/DP232030.jpg,True,painting,1830s,0,../DATA/images/img_52.jpg
1897,https://images.metmuseum.org/CRDImages/ep/original/DP-21959-001.jpg,True,painting,1890s,0,../DATA/images/img_53.jpg
1810,https://images.metmuseum.org/CRDImages/dp/original/DP805141.jpg,True,drawing,1810s,1,../DATA/images/img_54.jpg
1892,https://images.metmuseum.org/CRDImages/ep/original/DP-17451-001.jpg,True,painting,1890s,0,../DATA/images/img_55.jpg
1815,https://images.metmuseum.org/CRDImages/dp/original/269612.jpg,True,drawing,1810s,1,../DATA/images/img_56.jpg
1854,https://images.metmuseum.org/CRDImages/ep/original/DP-22841-001.jpg,True,painting,1850s,0,../DATA/images/img_57.jpg
1895,https://images.metmuseum.org/CRDImages/dp/original/DP-39393-001.jpg,True,drawing,1890s,1,../DATA/images/img_58.jpg
1805,https://images.metmuseum.org/CRDImages/ep/original/DP167135.jpg,True,painting,1800s,0,../DATA/images/img_59.jpg
1891,https://images.metmuseum.org/CRDImages/ep/original/DT1860.jpg,True,painting,1890s,0,../DATA/images/img_60.jpg
1839,https://images.metmuseum.org/CRDImages/dp/original/DP827286.jpg,True,drawing,1830s,1,../DATA/images/img_61.jpg
1810,https://images.metmuseum.org/CRDImages/dp/original/DP-33651-001.jpg,True,drawing,1810s,1,../DATA/images/img_62.jpg
1814,https://images.metmuseum.org/CRDImages/dp/original/DP806773.jpg,True,drawing,1810s,1,../DATA/images/img_63.jpg
1805,https://images.metmuseum.org/CRDImages/ep/original/ep45.110.1.R.jpg,True,painting,1800s,0,../DATA/images/img_64.jpg
1833,https://images.metmuseum.org/CRDImages/ep/original/DT2137.jpg,True,painting,1830s,0,../DATA/images/img_65.jpg
1814,https://images.metmuseum.org/CRDImages/ep/original/DP268211.jpg,True,painting,1810s,0,../DATA/images/img_66.jpg
1880,https://images.metmuseum.org/CRDImages/dp/original/46492.jpg,True,drawing,1880s,1,../DATA/images/img_67.jpg
1820,https://images.metmuseum.org/CRDImages/dp/original/DP217811.jpg,True,drawing,1820s,1,../DATA/images/img_68.jpg
1898,https://images.metmuseum.org/CRDImages/dp/original/DP804284.jpg,True,drawing,1890s,1,../DATA/images/img_69.jpg
1813,https://images.metmuseum.org/CRDImages/ep/original/DP259537.jpg,True,painting,1810s,0,../DATA/images/img_70.jpg
1833,https://images.metmuseum.org/CRDImages/dp/original/DP-39028-001.jpg,True,drawing,1830s,1,../DATA/images/img_71.jpg
1840,https://images.metmuseum.org/CRDImages/dp/original/DP-35111-001.jpg,True,drawing,1840s,1,../DATA/images/img_72.jpg
1859,https://images.metmuseum.org/CRDImages/ep/original/DP-14201-029.jpg,True,painting,1850s,0,../DATA/images/img_73.jpg
1880,https://images.metmuseum.org/CRDImages/ep/original/ep1972.145.3.bw.R.jpg,True,painting,1880s,0,../DATA/images/img_74.jpg
1837,https://images.metmuseum.org/CRDImages/dp/original/DP807244.jpg,True,drawing,1830s,1,../DATA/images/img_75.jpg
1895,https://images.metmuseum.org/CRDImages/ep/original/DT837.jpg,True,painting,1890s,0,../DATA/images/img_76.jpg
1843,https://images.metmuseum.org/CRDImages/ep/original/DT2014.jpg,True,painting,1840s,0,../DATA/images/img_77.jpg
1873,https://images.metmuseum.org/CRDImages/ep/original/DP290289.jpg,True,painting,1870s,0,../DATA/images/img_78.jpg
1812,https://images.metmuseum.org/CRDImages/ep/original/259952.jpg,True,painting,1810s,0,../DATA/images/img_79.jpg
1848,https://images.metmuseum.org/CRDImages/ep/original/DP-14347-001.jpg,True,painting,1840s,0,../DATA/images/img_80.jpg
1892,https://images.metmuseum.org/CRDImages/ep/original/DT1943.jpg,True,painting,1890s,0,../DATA/images/img_81.jpg
1865,https://images.metmuseum.org/CRDImages/dp/original/DP802527.jpg,True,drawing,1870s,1,../DATA/images/img_82.jpg
1885,https://images.metmuseum.org/CRDImages/ep/original/DT1503.jpg,True,painting,1880s,0,../DATA/images/img_83.jpg
1825,https://images.metmuseum.org/CRDImages/dp/original/DP811599.jpg,True,drawing,1820s,1,../DATA/images/img_84.jpg
1820,https://images.metmuseum.org/CRDImages/dp/original/DP823477.jpg,True,drawing,1820s,1,../DATA/images/img_85.jpg
1869,https://images.metmuseum.org/CRDImages/dp/original/DP-25213-001.jpg,True,drawing,1870s,1,../DATA/images/img_86.jpg
1810,https://images.metmuseum.org/CRDImages/ep/original/DP270310.jpg,True,painting,1810s,0,../DATA/images/img_87.jpg
1840,https://images.metmuseum.org/CRDImages/dp/original/DP873697.jpg,True,drawing,1840s,1,../DATA/images/img_88.jpg
1830,https://images.metmuseum.org/CRDImages/ep/original/DP-34304-001.jpg,True,painting,1830s,0,../DATA/images/img_89.jpg
1833,https://images.metmuseum.org/CRDImages/ep/original/DT2017.jpg,True,painting,1830s,0,../DATA/images/img_90.jpg
1835,https://images.metmuseum.org/CRDImages/dp/original/DP805126.jpg,True,drawing,1830s,1,../DATA/images/img_91.jpg
1825,https://images.metmuseum.org/CRDImages/dp/original/DP809994.jpg,True,drawing,1820s,1,../DATA/images/img_92.jpg
1875,https://images.metmuseum.org/CRDImages/dp/original/DP806942.jpg,True,drawing,1870s,1,../DATA/images/img_93.jpg
1830,https://images.metmuseum.org/CRDImages/ep/original/DP354137.jpg,True,painting,1830s,0,../DATA/images/img_94.jpg
1885,https://images.metmuseum.org/CRDImages/ep/original/DP160223.jpg,True,painting,1880s,0,../DATA/images/img_95.jpg
1850,https://images.metmuseum.org/CRDImages/dp/original/DP811633.jpg,True,drawing,1850s,1,../DATA/images/img_96.jpg
1833,https://images.metmuseum.org/CRDImages/dp/original/DP873860.jpg,True,drawing,1830s,1,../DATA/images/img_97.jpg
1801,https://images.metmuseum.org/CRDImages/ep/original/DP-416-001.jpg,True,painting,1800s,0,../DATA/images/img_98.jpg
1894,https://images.metmuseum.org/CRDImages/dp/original/DP881212.jpg,True,drawing,1890s,1,../DATA/images/img_99.jpg
1812,https://images.metmuseum.org/CRDImages/ep/original/DP327729.jpg,True,painting,1810s,0,../DATA/images/img_100.jpg
1879,https://images.metmuseum.org/CRDImages/dp/original/DP805121.jpg,True,drawing,1870s,1,../DATA/images/img_101.jpg
1820,https://images.metmuseum.org/CRDImages/dp/original/DP811795.jpg,True,drawing,1820s,1,../DATA/images/img_102.jpg
1810,https://images.metmuseum.org/CRDImages/ep/original/209773.jpg,True,painting,1810s,0,../DATA/images/img_103.jpg
1808,https://images.metmuseum.org/CRDImages/dp/original/DP883832.jpg,True,drawing,1800s,1,../DATA/images/img_104.jpg
1835,https://images.metmuseum.org/CRDImages/ep/original/DP-34308-001.jpg,True,painting,1830s,0,../DATA/images/img_105.jpg
1820,https://images.metmuseum.org/CRDImages/ep/original/DP169650.jpg,True,painting,1820s,0,../DATA/images/img_106.jpg
1881,https://images.metmuseum.org/CRDImages/dp/original/DP805506.jpg,True,drawing,1880s,1,../DATA/images/img_107.jpg
1880,https://images.metmuseum.org/CRDImages/ep/original/DP-14201-003.jpg,True,painting,1880s,0,../DATA/images/img_108.jpg
1815,https://images.metmuseum.org/CRDImages/dp/original/DP827296.jpg,True,drawing,1810s,1,../DATA/images/img_109.jpg
1832,https://images.metmuseum.org/CRDImages/ep/original/DT240033.jpg,True,painting,1830s,0,../DATA/images/img_110.jpg
1865,https://images.metmuseum.org/CRDImages/ep/original/DP-14936-055.jpg,True,painting,1870s,0,../DATA/images/img_111.jpg
1850,https://images.metmuseum.org/CRDImages/ep/original/DT202029.jpg,True,painting,1850s,0,../DATA/images/img_112.jpg
1830,https://images.metmuseum.org/CRDImages/dp/original/DP809844.jpg,True,drawing,1830s,1,../DATA/images/img_113.jpg
1881,https://images.metmuseum.org/CRDImages/dp/original/DP801567.jpg,True,drawing,1880s,1,../DATA/images/img_114.jpg
1800,https://images.metmuseum.org/CRDImages/ep/original/DP-16594-001.jpg,True,painting,1800s,0,../DATA/images/img_115.jpg
1800,https://images.metmuseum.org/CRDImages/dp/original/DP812580.jpg,True,drawing,1800s,1,../DATA/images/img_116.jpg
1850,https://images.metmuseum.org/CRDImages/dp/original/DP879102.jpg,True,drawing,1850s,1,../DATA/images/img_117.jpg
1845,https://images.metmuseum.org/CRDImages/dp/original/DP873778.jpg,True,drawing,1840s,1,../DATA/images/img_118.jpg
1860,https://images.metmuseum.org/CRDImages/dp/original/DP802522.jpg,True,drawing,1870s,1,../DATA/images/img_119.jpg
1859,https://images.metmuseum.org/CRDImages/ep/original/DP-1411-001.jpg,True,painting,1850s,0,../DATA/images/img_120.jpg
1820,https://images.metmuseum.org/CRDImages/dp/original/DP811465.jpg,True,drawing,1820s,1,../DATA/images/img_121.jpg
1823,https://images.metmuseum.org/CRDImages/ep/original/DP-34315-001.jpg,True,painting,1820s,0,../DATA/images/img_122.jpg
1872,https://images.metmuseum.org/CRDImages/ep/original/DP-23423-001.jpg,True,painting,1870s,0,../DATA/images/img_123.jpg
1847,https://images.metmuseum.org/CRDImages/ep/original/DP331534.jpg,True,painting,1840s,0,../DATA/images/img_124.jpg
1808,https://images.metmuseum.org/CRDImages/dp/original/DP803880.jpg,True,drawing,1800s,1,../DATA/images/img_125.jpg
1814,https://images.metmuseum.org/CRDImages/dp/original/DP820729.jpg,True,drawing,1810s,1,../DATA/images/img_126.jpg
1840,https://images.metmuseum.org/CRDImages/dp/original/DP-19566-001.jpg,True,drawing,1840s,1,../DATA/images/img_127.jpg
1853,https://images.metmuseum.org/CRDImages/ep/original/DP-14343-001.jpg,True,painting,1850s,0,../DATA/images/img_128.jpg
1800,https://images.metmuseum.org/CRDImages/dp/original/DP807505.jpg,True,drawing,1800s,1,../DATA/images/img_129.jpg
1882,https://images.metmuseum.org/CRDImages/dp/original/DP805500.jpg,True,drawing,1880s,1,../DATA/images/img_130.jpg
1884,https://images.metmuseum.org/CRDImages/ep/original/DP259921.jpg,True,painting,1880s,0,../DATA/images/img_131.jpg
1800,https://images.metmuseum.org/CRDImages/ep/original/DP-17561-001.jpg,True,painting,1800s,0,../DATA/images/img_132.jpg
1894,https://images.metmuseum.org/CRDImages/dp/original/DT641.jpg,True,drawing,1890s,1,../DATA/images/img_133.jpg
1879,https://images.metmuseum.org/CRDImages/dp/original/DP806888.jpg,True,drawing,1870s,1,../DATA/images/img_134.jpg
1896,https://images.metmuseum.org/CRDImages/dp/original/190916.jpg,True,drawing,1890s,1,../DATA/images/img_135.jpg
1847,https://images.metmuseum.org/CRDImages/dp/original/DP860361.jpg,True,drawing,1840s,1,../DATA/images/img_136.jpg
1888,https://images.metmuseum.org/CRDImages/ep/original/DT1398.jpg,True,painting,1880s,0,../DATA/images/img_137.jpg
1817,https://images.metmuseum.org/CRDImages/ep/original/147885.jpg,True,painting,1810s,0,../DATA/images/img_138.jpg
1871,https://images.metmuseum.org/CRDImages/ep/original/DT1006.jpg,True,painting,1870s,0,../DATA/images/img_139.jpg
1824,https://images.metmuseum.org/CRDImages/ep/original/DP162160.jpg,True,painting,1820s,0,../DATA/images/img_140.jpg
1810,https://images.metmuseum.org/CRDImages/dp/original/DP805148.jpg,True,drawing,1810s,1,../DATA/images/img_141.jpg
1828,https://images.metmuseum.org/CRDImages/dp/original/DP819372.jpg,True,drawing,1820s,1,../DATA/images/img_142.jpg
1828,https://images.metmuseum.org/CRDImages/dp/original/DP810009.jpg,True,drawing,1820s,1,../DATA/images/img_143.jpg
1837,https://images.metmuseum.org/CRDImages/ep/original/DP-19486-001.jpg,True,painting,1830s,0,../DATA/images/img_144.jpg
1890,https://images.metmuseum.org/CRDImages/dp/original/DP800828.jpg,True,drawing,1890s,1,../DATA/images/img_145.jpg
1857,https://images.metmuseum.org/CRDImages/ep/original/DP-22553-001.jpg,True,painting,1850s,0,../DATA/images/img_146.jpg
1830,https://images.metmuseum.org/CRDImages/dp/original/DP810044.jpg,True,drawing,1830s,1,../DATA/images/img_147.jpg
1810,https://images.metmuseum.org/CRDImages/dp/original/DP805155.jpg,True,drawing,1810s,1,../DATA/images/img_148.jpg
1883,https://images.metmuseum.org/CRDImages/ep/original/DP318075(a).jpg,True,painting,1880s,0,../DATA/images/img_149.jpg
1850,https://images.metmuseum.org/CRDImages/dp/original/DP878125.jpg,True,drawing,1850s,1,../DATA/images/img_150.jpg
1887,https://images.metmuseum.org/CRDImages/dp/original/63077.jpg,True,drawing,1880s,1,../DATA/images/img_151.jpg
1802,https://images.metmuseum.org/CRDImages/dp/original/DP843915.jpg,True,drawing,1800s,1,../DATA/images/img_152.jpg
1881,https://images.metmuseum.org/CRDImages/ep/original/DP-21914-007.jpg,True,painting,1880s,0,../DATA/images/img_153.jpg
1825,https://images.metmuseum.org/CRDImages/dp/original/DP802830.jpg,True,drawing,1820s,1,../DATA/images/img_154.jpg
1852,https://images.metmuseum.org/CRDImages/ep/original/DT1960.jpg,True,painting,1850s,0,../DATA/images/img_155.jpg
1891,https://images.metmuseum.org/CRDImages/ep/original/DP-14936-049.jpg,True,painting,1890s,0,../DATA/images/img_156.jpg
1897,https://images.metmuseum.org/CRDImages/ep/original/DT239221.jpg,True,painting,1890s,0,../DATA/images/img_157.jpg
1876,https://images.metmuseum.org/CRDImages/dp/original/DP882398.jpg,True,drawing,1870s,1,../DATA/images/img_158.jpg
1800,https://images.metmuseum.org/CRDImages/ep/original/175573.jpg,True,painting,1800s,0,../DATA/images/img_159.jpg
1825,https://images.metmuseum.org/CRDImages/ep/original/DP213130.jpg,True,painting,1820s,0,../DATA/images/img_160.jpg
1845,https://images.metmuseum.org/CRDImages/ep/original/ep45.110.3.R.jpg,True,painting,1840s,0,../DATA/images/img_161.jpg
1830,https://images.metmuseum.org/CRDImages/dp/original/DP819379.jpg,True,drawing,1830s,1,../DATA/images/img_162.jpg
1827,https://images.metmuseum.org/CRDImages/dp/original/DP880056.jpg,True,drawing,1820s,1,../DATA/images/img_163.jpg
1844,https://images.metmuseum.org/CRDImages/dp/original/DP826425.jpg,True,drawing,1840s,1,../DATA/images/img_164.jpg
1865,https://images.metmuseum.org/CRDImages/dp/original/DP810295.jpg,True,drawing,1870s,1,../DATA/images/img_165.jpg
1899,https://images.metmuseum.org/CRDImages/ep/original/DT1342.jpg,True,painting,1890s,0,../DATA/images/img_166.jpg
1872,https://images.metmuseum.org/CRDImages/ep/original/DP130322.jpg,True,painting,1870s,0,../DATA/images/img_167.jpg
1830,https://images.metmuseum.org/CRDImages/dp/original/DP819378.jpg,True,drawing,1830s,1,../DATA/images/img_168.jpg
1846,https://images.metmuseum.org/CRDImages/dp/original/DP805444.jpg,True,drawing,1840s,1,../DATA/images/img_169.jpg
1881,https://images.metmuseum.org/CRDImages/ep/original/DT1140.jpg,True,painting,1880s,0,../DATA/images/img_170.jpg
1858,https://images.metmuseum.org/CRDImages/ep/original/DP-23368-001.jpg,True,painting,1850s,0,../DATA/images/img_171.jpg
1810,https://images.metmuseum.org/CRDImages/dp/original/DP805143.jpg,True,drawing,1810s,1,../DATA/images/img_172.jpg
1850,https://images.metmuseum.org/CRDImages/dp/original/DP803913.jpg,True,drawing,1850s,1,../DATA/images/img_173.jpg
1808,https://images.metmuseum.org/CRDImages/ep/original/DP170905.jpg,True,painting,1800s,0,../DATA/images/img_174.jpg
1830,https://images.metmuseum.org/CRDImages/ep/original/DP169568.jpg,True,painting,1830s,0,../DATA/images/img_175.jpg
1844,https://images.metmuseum.org/CRDImages/ep/original/ep87.8.13.R.jpg,True,painting,1840s,0,../DATA/images/img_176.jpg
1800,https://images.metmuseum.org/CRDImages/dp/original/DP812731.jpg,True,drawing,1800s,1,../DATA/images/img_177.jpg
1800,https://images.metmuseum.org/CRDImages/dp/original/DP812371.jpg,True,drawing,1800s,1,../DATA/images/img_178.jpg
1892,https://images.metmuseum.org/CRDImages/ep/original/DP-14936-043.jpg,True,painting,1890s,0,../DATA/images/img_179.jpg
1890,https://images.metmuseum.org/CRDImages/ep/original/DP346474.jpg,True,painting,1890s,0,../DATA/images/img_180.jpg
1878,https://images.metmuseum.org/CRDImages/ep/original/DT1043.jpg,True,painting,1870s,0,../DATA/images/img_181.jpg
1894,https://images.metmuseum.org/CRDImages/ep/original/DP124813.jpg,True,painting,1890s,0,../DATA/images/img_182.jpg
1876,https://images.metmuseum.org/CRDImages/dp/original/DP882389.jpg,True,drawing,1870s,1,../DATA/images/img_183.jpg
1848,https://images.metmuseum.org/CRDImages/ep/original/ep94.24.2.bw.R.jpg,True,painting,1840s,0,../DATA/images/img_184.jpg
1899,https://images.metmuseum.org/CRDImages/ep/original/DP-22562-001.jpg,True,painting,1890s,0,../DATA/images/img_185.jpg
1817,https://images.metmuseum.org/CRDImages/ep/original/DP-16689-001.jpg,True,painting,1810s,0,../DATA/images/img_186.jpg
1887,https://images.metmuseum.org/CRDImages/dp/original/DP809515.jpg,True,drawing,1880s,1,../DATA/images/img_187.jpg
1867,https://images.metmuseum.org/CRDImages/dp/original/192820.jpg,True,drawing,1870s,1,../DATA/images/img_188.jpg
1847,https://images.metmuseum.org/CRDImages/ep/original/DP169645.jpg,True,painting,1840s,0,../DATA/images/img_189.jpg
1823,https://images.metmuseum.org/CRDImages/ep/original/DP-34306-001.jpg,True,painting,1820s,0,../DATA/images/img_190.jpg
1822,https://images.metmuseum.org/CRDImages/ep/original/60097.jpg,True,painting,1820s,0,../DATA/images/img_191.jpg
1896,https://images.metmuseum.org/CRDImages/ep/original/DP318843.jpg,True,painting,1890s,0,../DATA/images/img_192.jpg
1800,https://images.metmuseum.org/CRDImages/ep/original/DP169470.jpg,True,painting,1800s,0,../DATA/images/img_193.jpg
1855,https://images.metmuseum.org/CRDImages/dp/original/DP878039.jpg,True,drawing,1850s,1,../DATA/images/img_194.jpg
1880,https://images.metmuseum.org/CRDImages/ep/original/DT1029.jpg,True,painting,1880s,0,../DATA/images/img_195.jpg
1812,https://images.metmuseum.org/CRDImages/ep/original/64047.jpg,True,painting,1810s,0,../DATA/images/img_196.jpg
1886,https://images.metmuseum.org/CRDImages/dp/original/DP800829.jpg,True,drawing,1880s,1,../DATA/images/img_197.jpg
1840,https://images.metmuseum.org/CRDImages/ep/original/DP-13360-001.jpg,True,painting,1840s,0,../DATA/images/img_198.jpg
1822,https://images.metmuseum.org/CRDImages/dp/original/DP811602.jpg,True,drawing,1820s,1,../DATA/images/img_199.jpg
1854,https://images.metmuseum.org/CRDImages/ep/original/DP-25457-001.jpg,True,painting,1850s,0,../DATA/images/img_200.jpg
1825,https://images.metmuseum.org/CRDImages/dp/original/DP808410.jpg,True,drawing,1820s,1,../DATA/images/img_201.jpg
1845,https://images.metmuseum.org/CRDImages/ep/original/DT1307.jpg,True,painting,1840s,0,../DATA/images/img_202.jpg
1815,https://images.metmuseum.org/CRDImages/dp/original/DP823475.jpg,True,drawing,1810s,1,../DATA/images/img_203.jpg
1844,https://images.metmuseum.org/CRDImages/ep/original/DP-23541-001.jpg,True,painting,1840s,0,../DATA/images/img_204.jpg
1885,https://images.metmuseum.org/CRDImages/ep/original/DP131000.jpg,True,painting,1880s,0,../DATA/images/img_205.jpg
1830,https://images.metmuseum.org/CRDImages/dp/original/DP800919.jpg,True,drawing,1830s,1,../DATA/images/img_206.jpg
1840,https://images.metmuseum.org/CRDImages/dp/original/DP-28061-001.jpg,True,drawing,1840s,1,../DATA/images/img_207.jpg
1830,https://images.metmuseum.org/CRDImages/dp/original/DP810001.jpg,True,drawing,1830s,1,../DATA/images/img_208.jpg
1816,https://images.metmuseum.org/CRDImages/dp/original/DP882212.jpg,True,drawing,1810s,1,../DATA/images/img_209.jpg
1800,https://images.metmuseum.org/CRDImages/dp/original/DP812722.jpg,True,drawing,1800s,1,../DATA/images/img_210.jpg
1810,https://images.metmuseum.org/CRDImages/ep/original/ep47.33.3.R.jpg,True,painting,1810s,0,../DATA/images/img_211.jpg
1889,https://images.metmuseum.org/CRDImages/ep/original/DP-19279-001.jpg,True,painting,1880s,0,../DATA/images/img_212.jpg
1800,https://images.metmuseum.org/CRDImages/dp/original/DP804540.jpg,True,drawing,1800s,1,../DATA/images/img_213.jpg
1886,https://images.metmuseum.org/CRDImages/dp/original/DP801569.jpg,True,drawing,1880s,1,../DATA/images/img_214.jpg
1823,https://images.metmuseum.org/CRDImages/ep/original/DP135222.jpg,True,painting,1820s,0,../DATA/images/img_215.jpg
1817,https://images.metmuseum.org/CRDImages/dp/original/DP834495.jpg,True,drawing,1810s,1,../DATA/images/img_216.jpg
1809,https://images.metmuseum.org/CRDImages/dp/original/DP821384.jpg,True,drawing,1800s,1,../DATA/images/img_217.jpg
1830,https://images.metmuseum.org/CRDImages/dp/original/DP811564.jpg,True,drawing,1830s,1,../DATA/images/img_219.jpg
1827,https://images.metmuseum.org/CRDImages/ep/original/175435.jpg,True,painting,1820s,0,../DATA/images/img_220.jpg
1814,https://images.metmuseum.org/CRDImages/ep/original/DT2550.jpg,True,painting,1810s,0,../DATA/images/img_221.jpg
1863,https://images.metmuseum.org/CRDImages/dp/original/DP805813.jpg,True,drawing,1870s,1,../DATA/images/img_222.jpg
1838,https://images.metmuseum.org/CRDImages/ep/original/259961.jpg,True,painting,1830s,0,../DATA/images/img_223.jpg
1827,https://images.metmuseum.org/CRDImages/ep/original/DP-31457-001.jpg,True,painting,1820s,0,../DATA/images/img_224.jpg
1847,https://images.metmuseum.org/CRDImages/dp/original/DP860312.jpg,True,drawing,1840s,1,../DATA/images/img_225.jpg
1834,https://images.metmuseum.org/CRDImages/dp/original/DP863527.jpg,True,drawing,1830s,1,../DATA/images/img_226.jpg
1858,https://images.metmuseum.org/CRDImages/dp/original/DP806736.jpg,True,drawing,1850s,1,../DATA/images/img_227.jpg
1830,https://images.metmuseum.org/CRDImages/dp/original/DP819560.jpg,True,drawing,1830s,1,../DATA/images/img_228.jpg
1881,https://images.metmuseum.org/CRDImages/ep/original/DP-23203-001.jpg,True,painting,1880s,0,../DATA/images/img_229.jpg
1822,https://images.metmuseum.org/CRDImages/dp/original/DP805504.jpg,True,drawing,1820s,1,../DATA/images/img_230.jpg
1884,https://images.metmuseum.org/CRDImages/dp/original/DT205022.jpg,True,drawing,1880s,1,../DATA/images/img_231.jpg
1841,https://images.metmuseum.org/CRDImages/ep/original/DP-14274-011.jpg,True,painting,1840s,0,../DATA/images/img_232.jpg
1819,https://images.metmuseum.org/CRDImages/ep/original/DP-34303-001.jpg,True,painting,1810s,0,../DATA/images/img_233.jpg
1880,https://images.metmuseum.org/CRDImages/ep/original/DP-14178-001.jpg,True,painting,1880s,0,../DATA/images/img_234.jpg
1891,https://images.metmuseum.org/CRDImages/dp/original/DP827280.jpg,True,drawing,1890s,1,../DATA/images/img_235.jpg
1873,https://images.metmuseum.org/CRDImages/ep/original/DT1910.jpg,True,painting,1870s,0,../DATA/images/img_236.jpg
1865,https://images.metmuseum.org/CRDImages/ep/original/DP140947.jpg,True,painting,1870s,0,../DATA/images/img_237.jpg
1838,https://images.metmuseum.org/CRDImages/ep/original/DP169471.jpg,True,painting,1830s,0,../DATA/images/img_238.jpg
1850,https://images.metmuseum.org/CRDImages/dp/original/DP878114.jpg,True,drawing,1850s,1,../DATA/images/img_239.jpg
1825,https://images.metmuseum.org/CRDImages/ep/original/DT10697.jpg,True,painting,1820s,0,../DATA/images/img_240.jpg
1884,https://images.metmuseum.org/CRDImages/dp/original/DP-24662-001.jpg,True,drawing,1880s,1,../DATA/images/img_241.jpg
1894,https://images.metmuseum.org/CRDImages/dp/original/DP882738.jpg,True,drawing,1890s,1,../DATA/images/img_242.jpg
1800,https://images.metmuseum.org/CRDImages/dp/original/DP809234.jpg,True,drawing,1800s,1,../DATA/images/img_243.jpg
1802,https://images.metmuseum.org/CRDImages/ep/original/57113.jpg,True,painting,1800s,0,../DATA/images/img_244.jpg
1894,https://images.metmuseum.org/CRDImages/ep/original/DP169627.jpg,True,painting,1890s,0,../DATA/images/img_245.jpg
1879,https://images.metmuseum.org/CRDImages/ep/original/DT1972.jpg,True,painting,1870s,0,../DATA/images/img_246.jpg
1813,https://images.metmuseum.org/CRDImages/dp/original/DP803728.jpg,True,drawing,1810s,1,../DATA/images/img_247.jpg
1894,https://images.metmuseum.org/CRDImages/dp/original/DP803850.jpg,True,drawing,1890s,1,../DATA/images/img_248.jpg
1800,https://images.metmuseum.org/CRDImages/ep/original/ep48.187.735.bw.R.jpg,True,painting,1800s,0,../DATA/images/img_249.jpg
1825,https://images.metmuseum.org/CRDImages/dp/original/DP804305.jpg,True,drawing,1820s,1,../DATA/images/img_250.jpg
1804,https://images.metmuseum.org/CRDImages/ep/original/DP167134.jpg,True,painting,1800s,0,../DATA/images/img_252.jpg
1800,https://images.metmuseum.org/CRDImages/dp/original/DP806255.jpg,True,drawing,1800s,1,../DATA/images/img_253.jpg
1815,https://images.metmuseum.org/CRDImages/ep/original/DP-17611-001.jpg,True,painting,1810s,0,../DATA/images/img_254.jpg
1869,https://images.metmuseum.org/CRDImages/ep/original/DP267031.jpg,True,painting,1870s,0,../DATA/images/img_255.jpg
1857,https://images.metmuseum.org/CRDImages/ep/original/DP-25458-001.jpg,True,painting,1850s,0,../DATA/images/img_256.jpg
1818,https://images.metmuseum.org/CRDImages/ep/original/DT6102.jpg,True,painting,1810s,0,../DATA/images/img_257.jpg
1886,https://images.metmuseum.org/CRDImages/ep/original/DP-14114-001.jpg,True,painting,1880s,0,../DATA/images/img_258.jpg
1811,https://images.metmuseum.org/CRDImages/ep/original/DP-415-001.jpg,True,painting,1810s,0,../DATA/images/img_259.jpg
1890,https://images.metmuseum.org/CRDImages/dp/original/DP-30170-001.jpg,True,drawing,1890s,1,../DATA/images/img_260.jpg
1824,https://images.metmuseum.org/CRDImages/ep/original/DP-13728-001.jpg,True,painting,1820s,0,../DATA/images/img_261.jpg
1814,https://images.metmuseum.org/CRDImages/dp/original/DP806760.jpg,True,drawing,1810s,1,../DATA/images/img_262.jpg
1817,https://images.metmuseum.org/CRDImages/dp/original/DP873581.jpg,True,drawing,1810s,1,../DATA/images/img_263.jpg
1830,https://images.metmuseum.org/CRDImages/dp/original/DP809723.jpg,True,drawing,1830s,1,../DATA/images/img_264.jpg
1830,https://images.metmuseum.org/CRDImages/dp/original/DP819349.jpg,True,drawing,1830s,1,../DATA/images/img_265.jpg
1823,https://images.metmuseum.org/CRDImages/ep/original/DP-19652-001.jpg,True,painting,1820s,0,../DATA/images/img_266.jpg
1800,https://images.metmuseum.org/CRDImages/ep/original/158042.jpg,True,painting,1800s,0,../DATA/images/img_267.jpg
1890,https://images.metmuseum.org/CRDImages/ep/original/DP124808.jpg,True,painting,1890s,0,../DATA/images/img_268.jpg
1888,https://images.metmuseum.org/CRDImages/ep/original/DP-14201-015.jpg,True,painting,1880s,0,../DATA/images/img_269.jpg
1844,https://images.metmuseum.org/CRDImages/ep/original/DP278466.jpg,True,painting,1840s,0,../DATA/images/img_270.jpg
1887,https://images.metmuseum.org/CRDImages/dp/original/1972.118.235.jpg,True,drawing,1880s,1,../DATA/images/img_271.jpg
1877,https://images.metmuseum.org/CRDImages/dp/original/DP804500.jpg,True,drawing,1870s,1,../DATA/images/img_272.jpg
1840,https://images.metmuseum.org/CRDImages/ep/original/DP368944.jpg,True,painting,1840s,0,../DATA/images/img_273.jpg
1858,https://images.metmuseum.org/CRDImages/ep/original/ep14.40.812.bw.R.jpg,True,painting,1850s,0,../DATA/images/img_274.jpg
1830,https://images.metmuseum.org/CRDImages/dp/original/DP809988.jpg,True,drawing,1830s,1,../DATA/images/img_275.jpg
1830,https://images.metmuseum.org/CRDImages/dp/original/DP810003.jpg,True,drawing,1830s,1,../DATA/images/img_276.jpg
1864,https://images.metmuseum.org/CRDImages/dp/original/DP800827.jpg,True,drawing,1870s,1,../DATA/images/img_277.jpg
1805,https://images.metmuseum.org/CRDImages/dp/original/DP806766.jpg,True,drawing,1800s,1,../DATA/images/img_278.jpg
1866,https://images.metmuseum.org/CRDImages/dp/original/DP854935.jpg,True,drawing,1870s,1,../DATA/images/img_279.jpg
1830,https://images.metmuseum.org/CRDImages/dp/original/DP819573.jpg,True,drawing,1830s,1,../DATA/images/img_280.jpg
1860,https://images.metmuseum.org/CRDImages/dp/original/DP-34272-001.jpg,True,drawing,1870s,1,../DATA/images/img_281.jpg
1886,https://images.metmuseum.org/CRDImages/dp/original/DP815488.jpg,True,drawing,1880s,1,../DATA/images/img_282.jpg
1849,https://images.metmuseum.org/CRDImages/ep/original/DT332111.jpg,True,painting,1840s,0,../DATA/images/img_283.jpg
1885,https://images.metmuseum.org/CRDImages/dp/original/DP881438.jpg,True,drawing,1880s,1,../DATA/images/img_284.jpg
1850,https://images.metmuseum.org/CRDImages/dp/original/DP805125.jpg,True,drawing,1850s,1,../DATA/images/img_285.jpg
1815,https://images.metmuseum.org/CRDImages/dp/original/DP800032.jpg,True,drawing,1810s,1,../DATA/images/img_286.jpg
1826,https://images.metmuseum.org/CRDImages/ep/original/DT1998.jpg,True,painting,1820s,0,../DATA/images/img_287.jpg
1830,https://images.metmuseum.org/CRDImages/dp/original/DP810038.jpg,True,drawing,1830s,1,../DATA/images/img_288.jpg
1825,https://images.metmuseum.org/CRDImages/dp/original/DP803924.jpg,True,drawing,1820s,1,../DATA/images/img_289.jpg
1887,https://images.metmuseum.org/CRDImages/dp/original/63076.jpg,True,drawing,1880s,1,../DATA/images/img_290.jpg
1849,https://images.metmuseum.org/CRDImages/ep/original/DP319656.jpg,True,painting,1840s,0,../DATA/images/img_291.jpg
1800,https://images.metmuseum.org/CRDImages/dp/original/DP819914.jpg,True,drawing,1800s,1,../DATA/images/img_292.jpg
1813,https://images.metmuseum.org/CRDImages/dp/original/DP804686.jpg,True,drawing,1810s,1,../DATA/images/img_293.jpg
1857,https://images.metmuseum.org/CRDImages/ep/original/DT1968.jpg,True,painting,1850s,0,../DATA/images/img_294.jpg
1848,https://images.metmuseum.org/CRDImages/ep/original/DP-23957-001.jpg,True,painting,1840s,0,../DATA/images/img_295.jpg
1830,https://images.metmuseum.org/CRDImages/dp/original/DP819347.jpg,True,drawing,1830s,1,../DATA/images/img_296.jpg
1892,https://images.metmuseum.org/CRDImages/dp/original/DP881572.jpg,True,drawing,1890s,1,../DATA/images/img_297.jpg
1857,https://images.metmuseum.org/CRDImages/dp/original/DP806415.jpg,True,drawing,1850s,1,../DATA/images/img_298.jpg
1850,https://images.metmuseum.org/CRDImages/dp/original/DP811679.jpg,True,drawing,1850s,1,../DATA/images/img_299.jpg
1817,https://images.metmuseum.org/CRDImages/ep/original/DP148275.jpg,True,painting,1810s,0,../DATA/images/img_300.jpg
1840,https://images.metmuseum.org/CRDImages/dp/original/DP809972.jpg,True,drawing,1840s,1,../DATA/images/img_301.jpg
1891,https://images.metmuseum.org/CRDImages/dp/original/DP881209.jpg,True,drawing,1890s,1,../DATA/images/img_302.jpg
1800,https://images.metmuseum.org/CRDImages/dp/original/DP809384.jpg,True,drawing,1800s,1,../DATA/images/img_303.jpg
1880,https://images.metmuseum.org/CRDImages/dp/original/DP812087.jpg,True,drawing,1880s,1,../DATA/images/img_304.jpg
1855,https://images.metmuseum.org/CRDImages/ep/original/ep29.100.121.bw.R.jpg,True,painting,1850s,0,../DATA/images/img_305.jpg
1852,https://images.metmuseum.org/CRDImages/dp/original/DP-19685-001.jpg,True,drawing,1850s,1,../DATA/images/img_306.jpg
1872,https://images.metmuseum.org/CRDImages/ep/original/DP-14274-005.jpg,True,painting,1870s,0,../DATA/images/img_307.jpg
1865,https://images.metmuseum.org/CRDImages/dp/original/DP808421.jpg,True,drawing,1870s,1,../DATA/images/img_308.jpg
1800,https://images.metmuseum.org/CRDImages/dp/original/DP812710.jpg,True,drawing,1800s,1,../DATA/images/img_309.jpg
1830,https://images.metmuseum.org/CRDImages/dp/original/DP809717.jpg,True,drawing,1830s,1,../DATA/images/img_310.jpg
1820,https://images.metmuseum.org/CRDImages/ep/original/DP164837.jpg,True,painting,1820s,0,../DATA/images/img_311.jpg
1854,https://images.metmuseum.org/CRDImages/ep/original/DT1963.jpg,True,painting,1850s,0,../DATA/images/img_312.jpg
1878,https://images.metmuseum.org/CRDImages/dp/original/DP801359.jpg,True,drawing,1870s,1,../DATA/images/img_313.jpg
1839,https://images.metmuseum.org/CRDImages/ep/original/DP-15439-001.jpg,True,painting,1830s,0,../DATA/images/img_314.jpg
1865,https://images.metmuseum.org/CRDImages/ep/original/ep29.100.598.R.jpg,True,painting,1870s,0,../DATA/images/img_315.jpg
1883,https://images.metmuseum.org/CRDImages/ep/original/DT2818.jpg,True,painting,1880s,0,../DATA/images/img_316.jpg
1840,https://images.metmuseum.org/CRDImages/ep/original/DP-19627-001.jpg,True,painting,1840s,0,../DATA/images/img_317.jpg
1832,https://images.metmuseum.org/CRDImages/ep/original/DP-19583-001.jpg,True,painting,1830s,0,../DATA/images/img_318.jpg
1850,https://images.metmuseum.org/CRDImages/dp/original/DP-35090-001.jpg,True,drawing,1850s,1,../DATA/images/img_319.jpg
1810,https://images.metmuseum.org/CRDImages/dp/original/DP819927.jpg,True,drawing,1810s,1,../DATA/images/img_320.jpg
1850,https://images.metmuseum.org/CRDImages/dp/original/DP877562.jpg,True,drawing,1850s,1,../DATA/images/img_322.jpg
1890,https://images.metmuseum.org/CRDImages/dp/original/DP831818.jpg,True,drawing,1890s,1,../DATA/images/img_323.jpg
1830,https://images.metmuseum.org/CRDImages/dp/original/DP809718.jpg,True,drawing,1830s,1,../DATA/images/img_324.jpg
1892,https://images.metmuseum.org/CRDImages/dp/original/DP877178.jpg,True,drawing,1890s,1,../DATA/images/img_325.jpg
1849,https://images.metmuseum.org/CRDImages/ep/original/DP-18259-001.jpg,True,painting,1840s,0,../DATA/images/img_326.jpg
1800,https://images.metmuseum.org/CRDImages/dp/original/66.631.64.jpg,True,drawing,1800s,1,../DATA/images/img_327.jpg
1830,https://images.metmuseum.org/CRDImages/dp/original/DP809687.jpg,True,drawing,1830s,1,../DATA/images/img_328.jpg
1818,https://images.metmuseum.org/CRDImages/ep/original/ep45.110.4a.R.jpg,True,painting,1810s,0,../DATA/images/img_329.jpg
1856,https://images.metmuseum.org/CRDImages/ep/original/DT1979.jpg,True,painting,1850s,0,../DATA/images/img_330.jpg
1822,https://images.metmuseum.org/CRDImages/dp/original/DP805535.jpg,True,drawing,1820s,1,../DATA/images/img_331.jpg
1869,https://images.metmuseum.org/CRDImages/dp/original/DP805533.jpg,True,drawing,1870s,1,../DATA/images/img_332.jpg
1810,https://images.metmuseum.org/CRDImages/dp/original/DP803588.jpg,True,drawing,1810s,1,../DATA/images/img_333.jpg
1804,https://images.metmuseum.org/CRDImages/ep/original/DP-28010-001.jpg,True,painting,1800s,0,../DATA/images/img_334.jpg
1861,https://images.metmuseum.org/CRDImages/dp/original/DP-35463-001.jpg,True,drawing,1870s,1,../DATA/images/img_335.jpg
1853,https://images.metmuseum.org/CRDImages/dp/original/DP-27202-001.jpg,True,drawing,1850s,1,../DATA/images/img_336.jpg
1845,https://images.metmuseum.org/CRDImages/dp/original/DP820038.jpg,True,drawing,1840s,1,../DATA/images/img_337.jpg
1850,https://images.metmuseum.org/CRDImages/dp/original/DP878115.jpg,True,drawing,1850s,1,../DATA/images/img_338.jpg
1845,https://images.metmuseum.org/CRDImages/ep/original/DP169441.jpg,True,painting,1840s,0,../DATA/images/img_339.jpg
1885,https://images.metmuseum.org/CRDImages/dp/original/DP804722.jpg,True,drawing,1880s,1,../DATA/images/img_340.jpg
1894,https://images.metmuseum.org/CRDImages/ep/original/DP123847.jpg,True,painting,1890s,0,../DATA/images/img_341.jpg
1800,https://images.metmuseum.org/CRDImages/dp/original/DP803941.jpg,True,drawing,1800s,1,../DATA/images/img_342.jpg
1893,https://images.metmuseum.org/CRDImages/ep/original/DP-20100-001.jpg,True,painting,1890s,0,../DATA/images/img_343.jpg
1835,https://images.metmuseum.org/CRDImages/ep/original/DP-15888-001.jpg,True,painting,1830s,0,../DATA/images/img_344.jpg
1810,https://images.metmuseum.org/CRDImages/ep/original/DP-22749-001.jpg,True,painting,1810s,0,../DATA/images/img_345.jpg
1824,https://images.metmuseum.org/CRDImages/ep/original/DP-31220-001.jpg,True,painting,1820s,0,../DATA/images/img_346.jpg
1845,https://images.metmuseum.org/CRDImages/dp/original/DP807942.jpg,True,drawing,1840s,1,../DATA/images/img_347.jpg
1800,https://images.metmuseum.org/CRDImages/ep/original/DP-17460-001.jpg,True,painting,1800s,0,../DATA/images/img_348.jpg
1853,https://images.metmuseum.org/CRDImages/ep/original/DT1989.jpg,True,painting,1850s,0,../DATA/images/img_349.jpg
1845,https://images.metmuseum.org/CRDImages/dp/original/DP810351.jpg,True,drawing,1840s,1,../DATA/images/img_350.jpg
1845,https://images.metmuseum.org/CRDImages/ep/original/DP346117.jpg,True,painting,1840s,0,../DATA/images/img_351.jpg
1851,https://images.metmuseum.org/CRDImages/ep/original/DT1038.jpg,True,painting,1850s,0,../DATA/images/img_352.jpg
1891,https://images.metmuseum.org/CRDImages/dp/original/DP800932.jpg,True,drawing,1890s,1,../DATA/images/img_353.jpg
1821,https://images.metmuseum.org/CRDImages/dp/original/DP873589.jpg,True,drawing,1820s,1,../DATA/images/img_354.jpg
1891,https://images.metmuseum.org/CRDImages/dp/original/DP139626.jpg,True,drawing,1890s,1,../DATA/images/img_355.jpg
1855,https://images.metmuseum.org/CRDImages/dp/original/DP805786.jpg,True,drawing,1850s,1,../DATA/images/img_356.jpg
1837,https://images.metmuseum.org/CRDImages/ep/original/DT209332.jpg,True,painting,1830s,0,../DATA/images/img_357.jpg
1800,https://images.metmuseum.org/CRDImages/dp/original/DP812589.jpg,True,drawing,1800s,1,../DATA/images/img_358.jpg
1830,https://images.metmuseum.org/CRDImages/dp/original/DP811318.jpg,True,drawing,1830s,1,../DATA/images/img_359.jpg
1840,https://images.metmuseum.org/CRDImages/dp/original/DP-19563-001.jpg,True,drawing,1840s,1,../DATA/images/img_360.jpg
1874,https://images.metmuseum.org/CRDImages/ep/original/DP-25466-001.jpg,True,painting,1870s,0,../DATA/images/img_361.jpg
1830,https://images.metmuseum.org/CRDImages/ep/original/DT872.jpg,True,painting,1830s,0,../DATA/images/img_362.jpg
1850,https://images.metmuseum.org/CRDImages/dp/original/DP879110.jpg,True,drawing,1850s,1,../DATA/images/img_363.jpg
1854,https://images.metmuseum.org/CRDImages/ep/original/DP-25139-001.jpg,True,painting,1850s,0,../DATA/images/img_364.jpg
1817,https://images.metmuseum.org/CRDImages/dp/original/DP883826.jpg,True,drawing,1810s,1,../DATA/images/img_365.jpg
1822,https://images.metmuseum.org/CRDImages/dp/original/DP805524.jpg,True,drawing,1820s,1,../DATA/images/img_366.jpg
1801,https://images.metmuseum.org/CRDImages/dp/original/DP885271.jpg,True,drawing,1800s,1,../DATA/images/img_367.jpg
1881,https://images.metmuseum.org/CRDImages/dp/original/DP808125.jpg,True,drawing,1880s,1,../DATA/images/img_368.jpg
1850,https://images.metmuseum.org/CRDImages/dp/original/DP873701.jpg,True,drawing,1850s,1,../DATA/images/img_369.jpg
1825,https://images.metmuseum.org/CRDImages/ep/original/DT313144.jpg,True,painting,1820s,0,../DATA/images/img_370.jpg
1890,https://images.metmuseum.org/CRDImages/ep/original/DP346475.jpg,True,painting,1890s,0,../DATA/images/img_371.jpg
1851,https://images.metmuseum.org/CRDImages/ep/original/DT1967.jpg,True,painting,1850s,0,../DATA/images/img_372.jpg
1801,https://images.metmuseum.org/CRDImages/ep/original/DP161651.jpg,True,painting,1800s,0,../DATA/images/img_373.jpg
1855,https://images.metmuseum.org/CRDImages/ep/original/DT1922.jpg,True,painting,1850s,0,../DATA/images/img_374.jpg
1893,https://images.metmuseum.org/CRDImages/dp/original/DP805964.jpg,True,drawing,1890s,1,../DATA/images/img_375.jpg
1805,https://images.metmuseum.org/CRDImages/ep/original/DP151185.jpg,True,painting,1800s,0,../DATA/images/img_376.jpg
1840,https://images.metmuseum.org/CRDImages/dp/original/DP809976.jpg,True,drawing,1840s,1,../DATA/images/img_377.jpg
1813,https://images.metmuseum.org/CRDImages/ep/original/CT_41560.jpg,True,painting,1810s,0,../DATA/images/img_378.jpg
1825,https://images.metmuseum.org/CRDImages/ep/original/127595.jpg,True,painting,1820s,0,../DATA/images/img_379.jpg
1812,https://images.metmuseum.org/CRDImages/dp/original/DP804710.jpg,True,drawing,1810s,1,../DATA/images/img_380.jpg
1856,https://images.metmuseum.org/CRDImages/ep/original/DP140429.jpg,True,painting,1850s,0,../DATA/images/img_381.jpg
1840,https://images.metmuseum.org/CRDImages/dp/original/DP-26337-001.jpg,True,drawing,1840s,1,../DATA/images/img_382.jpg
1878,https://images.metmuseum.org/CRDImages/dp/original/DP801223.jpg,True,drawing,1870s,1,../DATA/images/img_383.jpg
1870,https://images.metmuseum.org/CRDImages/ep/original/DP-13655-001.jpg,True,painting,1870s,0,../DATA/images/img_384.jpg
1811,https://images.metmuseum.org/CRDImages/dp/original/DP803688.jpg,True,drawing,1810s,1,../DATA/images/img_385.jpg
1857,https://images.metmuseum.org/CRDImages/ep/original/DT1975.jpg,True,painting,1850s,0,../DATA/images/img_386.jpg
1856,https://images.metmuseum.org/CRDImages/ep/original/DP123961.jpg,True,painting,1850s,0,../DATA/images/img_388.jpg
1840,https://images.metmuseum.org/CRDImages/dp/original/DP823462.jpg,True,drawing,1840s,1,../DATA/images/img_389.jpg
1896,https://images.metmuseum.org/CRDImages/ep/original/DT1954.jpg,True,painting,1890s,0,../DATA/images/img_390.jpg
1845,https://images.metmuseum.org/CRDImages/ep/original/DP348637.jpg,True,painting,1840s,0,../DATA/images/img_391.jpg
1850,https://images.metmuseum.org/CRDImages/dp/original/DP811198.jpg,True,drawing,1850s,1,../DATA/images/img_392.jpg
1857,https://images.metmuseum.org/CRDImages/dp/original/DP809349.jpg,True,drawing,1850s,1,../DATA/images/img_393.jpg
1805,https://images.metmuseum.org/CRDImages/dp/original/DP821145.jpg,True,drawing,1800s,1,../DATA/images/img_394.jpg
1830,https://images.metmuseum.org/CRDImages/ep/original/DP-23545-001.jpg,True,painting,1830s,0,../DATA/images/img_395.jpg
1880,https://images.metmuseum.org/CRDImages/ep/original/DT4204.jpg,True,painting,1880s,0,../DATA/images/img_396.jpg
1800,https://images.metmuseum.org/CRDImages/dp/original/DP809231.jpg,True,drawing,1800s,1,../DATA/images/img_397.jpg
1840,https://images.metmuseum.org/CRDImages/dp/original/DP-19562-001.jpg,True,drawing,1840s,1,../DATA/images/img_398.jpg
1820,https://images.metmuseum.org/CRDImages/dp/original/63.712.5.jpg,True,drawing,1820s,1,../DATA/images/img_399.jpg
1856,https://images.metmuseum.org/CRDImages/ep/original/DP-2943.001.jpg,True,painting,1850s,0,../DATA/images/img_400.jpg
1887,https://images.metmuseum.org/CRDImages/dp/original/63075.jpg,True,drawing,1880s,1,../DATA/images/img_401.jpg
1859,https://images.metmuseum.org/CRDImages/ep/original/DP-22989-001.jpg,True,painting,1850s,0,../DATA/images/img_402.jpg
1836,https://images.metmuseum.org/CRDImages/ep/original/DP152116.jpg,True,painting,1830s,0,../DATA/images/img_403.jpg
1813,https://images.metmuseum.org/CRDImages/dp/original/DP823636.jpg,True,drawing,1810s,1,../DATA/images/img_404.jpg
1886,https://images.metmuseum.org/CRDImages/ep/original/DP253480.jpg,True,painting,1880s,0,../DATA/images/img_405.jpg
1872,https://images.metmuseum.org/CRDImages/ep/original/DT1982.jpg,True,painting,1870s,0,../DATA/images/img_406.jpg
1865,https://images.metmuseum.org/CRDImages/dp/original/DP-30274-001.jpg,True,drawing,1870s,1,../DATA/images/img_407.jpg
1872,https://images.metmuseum.org/CRDImages/ep/original/DP-24385-001.jpg,True,painting,1870s,0,../DATA/images/img_408.jpg
1839,https://images.metmuseum.org/CRDImages/ep/original/DP-33900-001.jpg,True,painting,1830s,0,../DATA/images/img_409.jpg
1898,https://images.metmuseum.org/CRDImages/ep/original/DT1139.jpg,True,painting,1890s,0,../DATA/images/img_410.jpg
1859,https://images.metmuseum.org/CRDImages/ep/original/DP-14201-027.jpg,True,painting,1850s,0,../DATA/images/img_411.jpg
1844,https://images.metmuseum.org/CRDImages/ep/original/ep7.267.R.jpg,True,painting,1840s,0,../DATA/images/img_412.jpg
1818,https://images.metmuseum.org/CRDImages/dp/original/DT632.jpg,True,drawing,1810s,1,../DATA/images/img_413.jpg
1800,https://images.metmuseum.org/CRDImages/ep/original/257536.jpg,True,painting,1800s,0,../DATA/images/img_414.jpg
1811,https://images.metmuseum.org/CRDImages/dp/original/DP803686.jpg,True,drawing,1810s,1,../DATA/images/img_415.jpg
1832,https://images.metmuseum.org/CRDImages/ep/original/60100.jpg,True,painting,1830s,0,../DATA/images/img_416.jpg
1890,https://images.metmuseum.org/CRDImages/dp/original/DP-38699-001.jpg,True,drawing,1890s,1,../DATA/images/img_417.jpg
1880,https://images.metmuseum.org/CRDImages/ep/original/DP257756.jpg,True,painting,1880s,0,../DATA/images/img_418.jpg
1844,https://images.metmuseum.org/CRDImages/ep/original/DT4425.jpg,True,painting,1840s,0,../DATA/images/img_419.jpg
1805,https://images.metmuseum.org/CRDImages/ep/original/ep95.14.83.R.jpg,True,painting,1800s,0,../DATA/images/img_420.jpg
1888,https://images.metmuseum.org/CRDImages/ep/original/DT1494.jpg,True,painting,1880s,0,../DATA/images/img_421.jpg
1800,https://images.metmuseum.org/CRDImages/ep/original/DP162139.jpg,True,painting,1800s,0,../DATA/images/img_422.jpg
1888,https://images.metmuseum.org/CRDImages/ep/original/DT1917.jpg,True,painting,1880s,0,../DATA/images/img_423.jpg
1879,https://images.metmuseum.org/CRDImages/ep/original/DP267029.jpg,True,painting,1870s,0,../DATA/images/img_424.jpg
1871,https://images.metmuseum.org/CRDImages/dp/original/DP800918.jpg,True,drawing,1870s,1,../DATA/images/img_425.jpg
1885,https://images.metmuseum.org/CRDImages/dp/original/DP803932.jpg,True,drawing,1880s,1,../DATA/images/img_426.jpg
1870,https://images.metmuseum.org/CRDImages/dp/original/DP877978.jpg,True,drawing,1870s,1,../DATA/images/img_427.jpg
1870,https://images.metmuseum.org/CRDImages/ep/original/DP332562.jpg,True,painting,1870s,0,../DATA/images/img_428.jpg
1837,https://images.metmuseum.org/CRDImages/dp/original/DP811608.jpg,True,drawing,1830s,1,../DATA/images/img_429.jpg
1887,https://images.metmuseum.org/CRDImages/ep/original/DP229743.jpg,True,painting,1880s,0,../DATA/images/img_430.jpg
1827,https://images.metmuseum.org/CRDImages/dp/original/DP-20973-001.jpg,True,drawing,1820s,1,../DATA/images/img_431.jpg
1888,https://images.metmuseum.org/CRDImages/ep/original/DP-14936-045.jpg,True,painting,1880s,0,../DATA/images/img_432.jpg
1896,https://images.metmuseum.org/CRDImages/ep/original/DT1864.jpg,True,painting,1890s,0,../DATA/images/img_433.jpg
1850,https://images.metmuseum.org/CRDImages/dp/original/DP811581.jpg,True,drawing,1850s,1,../DATA/images/img_435.jpg
1838,https://images.metmuseum.org/CRDImages/ep/original/DP-23478-001.jpg,True,painting,1830s,0,../DATA/images/img_436.jpg
1865,https://images.metmuseum.org/CRDImages/dp/original/DP800024.jpg,True,drawing,1870s,1,../DATA/images/img_437.jpg
1830,https://images.metmuseum.org/CRDImages/ep/original/DP-15576-001.jpg,True,painting,1830s,0,../DATA/images/img_438.jpg
1881,https://images.metmuseum.org/CRDImages/dp/original/1972.118.234.jpg,True,drawing,1880s,1,../DATA/images/img_439.jpg
1820,https://images.metmuseum.org/CRDImages/ep/original/175569.jpg,True,painting,1820s,0,../DATA/images/img_440.jpg
1892,https://images.metmuseum.org/CRDImages/ep/original/DT1500.jpg,True,painting,1890s,0,../DATA/images/img_441.jpg
1851,https://images.metmuseum.org/CRDImages/dp/original/DP-15069-018.jpg,True,drawing,1850s,1,../DATA/images/img_442.jpg
1871,https://images.metmuseum.org/CRDImages/ep/original/DP267027.jpg,True,painting,1870s,0,../DATA/images/img_443.jpg
1825,https://images.metmuseum.org/CRDImages/dp/original/DP820035.jpg,True,drawing,1820s,1,../DATA/images/img_444.jpg
1805,https://images.metmuseum.org/CRDImages/ep/original/DP164805.jpg,True,painting,1800s,0,../DATA/images/img_445.jpg
1835,https://images.metmuseum.org/CRDImages/ep/original/DT2013.jpg,True,painting,1830s,0,../DATA/images/img_446.jpg
1830,https://images.metmuseum.org/CRDImages/dp/original/DP810307.jpg,True,drawing,1830s,1,../DATA/images/img_447.jpg
1804,https://images.metmuseum.org/CRDImages/ep/original/DT345086.jpg,True,painting,1800s,0,../DATA/images/img_448.jpg
1850,https://images.metmuseum.org/CRDImages/dp/original/DP879223.jpg,True,drawing,1850s,1,../DATA/images/img_449.jpg
1881,https://images.metmuseum.org/CRDImages/dp/original/DP829447.jpg,True,drawing,1880s,1,../DATA/images/img_450.jpg
1830,https://images.metmuseum.org/CRDImages/dp/original/DP808110.jpg,True,drawing,1830s,1,../DATA/images/img_451.jpg
1880,https://images.metmuseum.org/CRDImages/ep/original/DP-21955-001.jpg,True,painting,1880s,0,../DATA/images/img_452.jpg
1810,https://images.metmuseum.org/CRDImages/dp/original/DP800039.jpg,True,drawing,1810s,1,../DATA/images/img_453.jpg
1858,https://images.metmuseum.org/CRDImages/ep/original/DP-19017-001.jpg,True,painting,1850s,0,../DATA/images/img_454.jpg
1833,https://images.metmuseum.org/CRDImages/ep/original/DP-16387-001.jpg,True,painting,1830s,0,../DATA/images/img_455.jpg
1899,https://images.metmuseum.org/CRDImages/ep/original/ep1974.356.36.R.jpg,True,painting,1890s,0,../DATA/images/img_456.jpg
1873,https://images.metmuseum.org/CRDImages/ep/original/DT250756.jpg,True,painting,1870s,0,../DATA/images/img_457.jpg
1800,https://images.metmuseum.org/CRDImages/dp/original/DP821236.jpg,True,drawing,1800s,1,../DATA/images/img_458.jpg
1800,https://images.metmuseum.org/CRDImages/dp/original/DP809230.jpg,True,drawing,1800s,1,../DATA/images/img_459.jpg
1800,https://images.metmuseum.org/CRDImages/ep/original/1915.jpg,True,painting,1800s,0,../DATA/images/img_460.jpg
1830,https://images.metmuseum.org/CRDImages/dp/original/DP809693.jpg,True,drawing,1830s,1,../DATA/images/img_461.jpg
1850,https://images.metmuseum.org/CRDImages/ep/original/DT1858.jpg,True,painting,1850s,0,../DATA/images/img_462.jpg
1820,https://images.metmuseum.org/CRDImages/ep/original/DT4937.jpg,True,painting,1820s,0,../DATA/images/img_463.jpg
1828,https://images.metmuseum.org/CRDImages/dp/original/DP873592.jpg,True,drawing,1820s,1,../DATA/images/img_464.jpg
1810,https://images.metmuseum.org/CRDImages/dp/original/DP805152.jpg,True,drawing,1810s,1,../DATA/images/img_465.jpg
1895,https://images.metmuseum.org/CRDImages/dp/original/DP806038.jpg,True,drawing,1890s,1,../DATA/images/img_466.jpg
1800,https://images.metmuseum.org/CRDImages/dp/original/DP803694.jpg,True,drawing,1800s,1,../DATA/images/img_467.jpg
1860,https://images.metmuseum.org/CRDImages/ep/original/DT225534.jpg,True,painting,1870s,0,../DATA/images/img_468.jpg
1816,https://images.metmuseum.org/CRDImages/dp/original/DP873598.jpg,True,drawing,1810s,1,../DATA/images/img_469.jpg
1822,https://images.metmuseum.org/CRDImages/ep/original/DP169446.jpg,True,painting,1820s,0,../DATA/images/img_470.jpg
1878,https://images.metmuseum.org/CRDImages/ep/original/DT1044.jpg,True,painting,1870s,0,../DATA/images/img_471.jpg
1828,https://images.metmuseum.org/CRDImages/ep/original/259024.jpg,True,painting,1820s,0,../DATA/images/img_472.jpg
1810,https://images.metmuseum.org/CRDImages/dp/original/DP805146.jpg,True,drawing,1810s,1,../DATA/images/img_473.jpg
1828,https://images.metmuseum.org/CRDImages/ep/original/DP164787.jpg,True,painting,1820s,0,../DATA/images/img_474.jpg
1890,https://images.metmuseum.org/CRDImages/ep/original/DT204990.jpg,True,painting,1890s,0,../DATA/images/img_475.jpg
1808,https://images.metmuseum.org/CRDImages/ep/original/50669.jpg,True,painting,1800s,0,../DATA/images/img_476.jpg
1823,https://images.metmuseum.org/CRDImages/ep/original/DT403.jpg,True,painting,1820s,0,../DATA/images/img_477.jpg
1884,https://images.metmuseum.org/CRDImages/dp/original/DP878719.jpg,True,drawing,1880s,1,../DATA/images/img_478.jpg
1850,https://images.metmuseum.org/CRDImages/dp/original/DP878117.jpg,True,drawing,1850s,1,../DATA/images/img_479.jpg
1883,https://images.metmuseum.org/CRDImages/ep/original/DT10260.jpg,True,painting,1880s,0,../DATA/images/img_480.jpg
1821,https://images.metmuseum.org/CRDImages/ep/original/DP-23365-001.jpg,True,painting,1820s,0,../DATA/images/img_481.jpg
1818,https://images.metmuseum.org/CRDImages/ep/original/DP162142.jpg,True,painting,1810s,0,../DATA/images/img_482.jpg
1810,https://images.metmuseum.org/CRDImages/dp/original/DP805157.jpg,True,drawing,1810s,1,../DATA/images/img_483.jpg
1889,https://images.metmuseum.org/CRDImages/dp/original/DP884481.jpg,True,drawing,1880s,1,../DATA/images/img_484.jpg
1825,https://images.metmuseum.org/CRDImages/dp/original/DP802831.jpg,True,drawing,1820s,1,../DATA/images/img_485.jpg
1862,https://images.metmuseum.org/CRDImages/ep/original/DP302937.jpg,True,painting,1870s,0,../DATA/images/img_486.jpg
1895,https://images.metmuseum.org/CRDImages/dp/original/DP-39391-001.jpg,True,drawing,1890s,1,../DATA/images/img_487.jpg
1899,https://images.metmuseum.org/CRDImages/ep/original/DP-14936-037.jpg,True,painting,1890s,0,../DATA/images/img_488.jpg
1800,https://images.metmuseum.org/CRDImages/dp/original/DP812594.jpg,True,drawing,1800s,1,../DATA/images/img_489.jpg
1808,https://images.metmuseum.org/CRDImages/ep/original/DP170904.jpg,True,painting,1800s,0,../DATA/images/img_490.jpg
1849,https://images.metmuseum.org/CRDImages/dp/original/DP804010.jpg,True,drawing,1840s,1,../DATA/images/img_491.jpg
1850,https://images.metmuseum.org/CRDImages/ep/original/DP-14274-009.jpg,True,painting,1850s,0,../DATA/images/img_492.jpg
1844,https://images.metmuseum.org/CRDImages/ep/original/ep90.25.bw.R.jpg,True,painting,1840s,0,../DATA/images/img_493.jpg
1801,https://images.metmuseum.org/CRDImages/dp/original/DP800961.jpg,True,drawing,1800s,1,../DATA/images/img_494.jpg
1822,https://images.metmuseum.org/CRDImages/dp/original/DP805525.jpg,True,drawing,1820s,1,../DATA/images/img_495.jpg
1850,https://images.metmuseum.org/CRDImages/ep/original/DP-23285-001.jpg,True,painting,1850s,0,../DATA/images/img_496.jpg
1810,https://images.metmuseum.org/CRDImages/ep/original/DP-23367-001.jpg,True,painting,1810s,0,../DATA/images/img_497.jpg
1830,https://images.metmuseum.org/CRDImages/dp/original/DP880057.jpg,True,drawing,1830s,1,../DATA/images/img_498.jpg
1825,https://images.metmuseum.org/CRDImages/dp/original/DP167411.jpg,True,drawing,1820s,1,../DATA/images/img_499.jpg
1853,https://images.metmuseum.org/CRDImages/ep/original/DT1946.jpg,True,painting,1850s,0,../DATA/images/img_500.jpg
1888,https://images.metmuseum.org/CRDImages/ep/original/DT9200.jpg,True,painting,1880s,0,../DATA/images/img_501.jpg
1825,https://images.metmuseum.org/CRDImages/dp/original/DP812915.jpg,True,drawing,1820s,1,../DATA/images/img_502.jpg
1834,https://images.metmuseum.org/CRDImages/dp/original/DP807627.jpg,True,drawing,1830s,1,../DATA/images/img_503.jpg
1830,https://images.metmuseum.org/CRDImages/ep/original/DP-23371-001.jpg,True,painting,1830s,0,../DATA/images/img_504.jpg
1885,https://images.metmuseum.org/CRDImages/ep/original/DT2163.jpg,True,painting,1880s,0,../DATA/images/img_505.jpg
1840,https://images.metmuseum.org/CRDImages/dp/original/DP-19564-001.jpg,True,drawing,1840s,1,../DATA/images/img_506.jpg
1808,https://images.metmuseum.org/CRDImages/dp/original/DP806771.jpg,True,drawing,1800s,1,../DATA/images/img_507.jpg
1892,https://images.metmuseum.org/CRDImages/dp/original/DP877174.jpg,True,drawing,1890s,1,../DATA/images/img_508.jpg
1899,https://images.metmuseum.org/CRDImages/dp/original/DP803852.jpg,True,drawing,1890s,1,../DATA/images/img_509.jpg
1871,https://images.metmuseum.org/CRDImages/ep/original/ep81.1.656.R.jpg,True,painting,1870s,0,../DATA/images/img_510.jpg
1854,https://images.metmuseum.org/CRDImages/ep/original/DT10159.jpg,True,painting,1850s,0,../DATA/images/img_511.jpg
1893,https://images.metmuseum.org/CRDImages/dp/original/DP860288.jpg,True,drawing,1890s,1,../DATA/images/img_512.jpg
1841,https://images.metmuseum.org/CRDImages/ep/original/ep23.103.3.bw.R.jpg,True,painting,1840s,0,../DATA/images/img_513.jpg
1880,https://images.metmuseum.org/CRDImages/dp/original/DP-30141-001.jpg,True,drawing,1880s,1,../DATA/images/img_514.jpg
1895,https://images.metmuseum.org/CRDImages/dp/original/DP806733.jpg,True,drawing,1890s,1,../DATA/images/img_515.jpg
1829,https://images.metmuseum.org/CRDImages/ep/original/175590.jpg,True,painting,1820s,0,../DATA/images/img_516.jpg
1844,https://images.metmuseum.org/CRDImages/dp/original/DP826434.jpg,True,drawing,1840s,1,../DATA/images/img_517.jpg
1800,https://images.metmuseum.org/CRDImages/ep/original/158041.jpg,True,painting,1800s,0,../DATA/images/img_518.jpg
1841,https://images.metmuseum.org/CRDImages/dp/original/DP827281.jpg,True,drawing,1840s,1,../DATA/images/img_519.jpg
1809,https://images.metmuseum.org/CRDImages/dp/original/DP821397.jpg,True,drawing,1800s,1,../DATA/images/img_520.jpg
1872,https://images.metmuseum.org/CRDImages/dp/original/DP228704.jpg,True,drawing,1870s,1,../DATA/images/img_521.jpg
1890,https://images.metmuseum.org/CRDImages/ep/original/DT7098.jpg,True,painting,1890s,0,../DATA/images/img_522.jpg
1838,https://images.metmuseum.org/CRDImages/dp/original/DP804407.jpg,True,drawing,1830s,1,../DATA/images/img_523.jpg
1844,https://images.metmuseum.org/CRDImages/dp/original/DP826424.jpg,True,drawing,1840s,1,../DATA/images/img_524.jpg
1891,https://images.metmuseum.org/CRDImages/ep/original/DP-14201-043.jpg,True,painting,1890s,0,../DATA/images/img_525.jpg
1810,https://images.metmuseum.org/CRDImages/dp/original/DP805839.jpg,True,drawing,1810s,1,../DATA/images/img_526.jpg
1835,https://images.metmuseum.org/CRDImages/dp/original/DP807534.jpg,True,drawing,1830s,1,../DATA/images/img_527.jpg
1874,https://images.metmuseum.org/CRDImages/dp/original/DP804681.jpg,True,drawing,1870s,1,../DATA/images/img_528.jpg
1805,https://images.metmuseum.org/CRDImages/dp/original/DP806433.jpg,True,drawing,1800s,1,../DATA/images/img_529.jpg
1872,https://images.metmuseum.org/CRDImages/ep/original/DT1913.jpg,True,painting,1870s,0,../DATA/images/img_530.jpg
1829,https://images.metmuseum.org/CRDImages/ep/original/ep24.80.523.R.jpg,True,painting,1820s,0,../DATA/images/img_531.jpg
1852,https://images.metmuseum.org/CRDImages/ep/original/DP-23550-001.jpg,True,painting,1850s,0,../DATA/images/img_532.jpg
1880,https://images.metmuseum.org/CRDImages/ep/original/DP-17011-001.jpg,True,painting,1880s,0,../DATA/images/img_533.jpg
1853,https://images.metmuseum.org/CRDImages/ep/original/DP143198.jpg,True,painting,1850s,0,../DATA/images/img_534.jpg
1800,https://images.metmuseum.org/CRDImages/dp/original/DP812406.jpg,True,drawing,1800s,1,../DATA/images/img_535.jpg
1889,https://images.metmuseum.org/CRDImages/ep/original/DP130999.jpg,True,painting,1880s,0,../DATA/images/img_536.jpg
1807,https://images.metmuseum.org/CRDImages/ep/original/DP-22748-001.jpg,True,painting,1800s,0,../DATA/images/img_537.jpg
1839,https://images.metmuseum.org/CRDImages/ep/original/DP-34305-001.jpg,True,painting,1830s,0,../DATA/images/img_538.jpg
1830,https://images.metmuseum.org/CRDImages/dp/original/DP809846.jpg,True,drawing,1830s,1,../DATA/images/img_539.jpg
1880,https://images.metmuseum.org/CRDImages/dp/original/DP806947.jpg,True,drawing,1880s,1,../DATA/images/img_540.jpg
1809,https://images.metmuseum.org/CRDImages/ep/original/94567.jpg,True,painting,1800s,0,../DATA/images/img_541.jpg
1840,https://images.metmuseum.org/CRDImages/ep/original/DT9008.jpg,True,painting,1840s,0,../DATA/images/img_542.jpg
1844,https://images.metmuseum.org/CRDImages/ep/original/ep17.120.227.bw.R.jpg,True,painting,1840s,0,../DATA/images/img_543.jpg
1848,https://images.metmuseum.org/CRDImages/ep/original/ep87.15.61.bw.R.jpg,True,painting,1840s,0,../DATA/images/img_544.jpg
1892,https://images.metmuseum.org/CRDImages/ep/original/EP5.jpg,True,painting,1890s,0,../DATA/images/img_545.jpg
1800,https://images.metmuseum.org/CRDImages/dp/original/DP803935.jpg,True,drawing,1800s,1,../DATA/images/img_546.jpg
1863,https://images.metmuseum.org/CRDImages/dp/original/DP803693.jpg,True,drawing,1870s,1,../DATA/images/img_547.jpg
1840,https://images.metmuseum.org/CRDImages/ep/original/DP-25035-001.jpg,True,painting,1840s,0,../DATA/images/img_548.jpg
1825,https://images.metmuseum.org/CRDImages/dp/original/DP833816.jpg,True,drawing,1820s,1,../DATA/images/img_549.jpg
1880,https://images.metmuseum.org/CRDImages/dp/original/DP869144.jpg,True,drawing,1880s,1,../DATA/images/img_550.jpg
1848,https://images.metmuseum.org/CRDImages/ep/original/DP-23078-001.jpg,True,painting,1840s,0,../DATA/images/img_551.jpg
1825,https://images.metmuseum.org/CRDImages/ep/original/DP-31997-001-NEW.jpg,True,painting,1820s,0,../DATA/images/img_552.jpg
1849,https://images.metmuseum.org/CRDImages/dp/original/DP805844.jpg,True,drawing,1840s,1,../DATA/images/img_553.jpg
1850,https://images.metmuseum.org/CRDImages/dp/original/DP878907.jpg,True,drawing,1850s,1,../DATA/images/img_554.jpg
1895,https://images.metmuseum.org/CRDImages/dp/original/DP-39392-001.jpg,True,drawing,1890s,1,../DATA/images/img_555.jpg
1817,https://images.metmuseum.org/CRDImages/ep/original/DT235903.jpg,True,painting,1810s,0,../DATA/images/img_556.jpg
1815,https://images.metmuseum.org/CRDImages/ep/original/266215gw.jpg,True,painting,1810s,0,../DATA/images/img_557.jpg
1800,https://images.metmuseum.org/CRDImages/ep/original/DP-22552-001.jpg,True,painting,1800s,0,../DATA/images/img_558.jpg
1850,https://images.metmuseum.org/CRDImages/dp/original/DP809140.jpg,True,drawing,1850s,1,../DATA/images/img_559.jpg
1836,https://images.metmuseum.org/CRDImages/ep/original/DP169474.jpg,True,painting,1830s,0,../DATA/images/img_560.jpg
1840,https://images.metmuseum.org/CRDImages/dp/original/DP-19571-001.jpg,True,drawing,1840s,1,../DATA/images/img_561.jpg
1843,https://images.metmuseum.org/CRDImages/ep/original/DT2018.jpg,True,painting,1840s,0,../DATA/images/img_562.jpg
1851,https://images.metmuseum.org/CRDImages/ep/original/DP232136.jpg,True,painting,1850s,0,../DATA/images/img_563.jpg
1818,https://images.metmuseum.org/CRDImages/ep/original/DP-23958-001.jpg,True,painting,1810s,0,../DATA/images/img_564.jpg
1886,https://images.metmuseum.org/CRDImages/dp/original/DP887402.jpg,True,drawing,1880s,1,../DATA/images/img_565.jpg
1840,https://images.metmuseum.org/CRDImages/ep/original/DP-14679-001.jpg,True,painting,1840s,0,../DATA/images/img_566.jpg
1877,https://images.metmuseum.org/CRDImages/dp/original/DP886872.jpg,True,drawing,1870s,1,../DATA/images/img_567.jpg
1800,https://images.metmuseum.org/CRDImages/dp/original/DP806091.jpg,True,drawing,1800s,1,../DATA/images/img_568.jpg
1817,https://images.metmuseum.org/CRDImages/dp/original/DP217812.jpg,True,drawing,1810s,1,../DATA/images/img_569.jpg
1820,https://images.metmuseum.org/CRDImages/dp/original/DP804924.jpg,True,drawing,1820s,1,../DATA/images/img_570.jpg
1880,https://images.metmuseum.org/CRDImages/dp/original/DP808454.jpg,True,drawing,1880s,1,../DATA/images/img_571.jpg
1845,https://images.metmuseum.org/CRDImages/dp/original/190911.jpg,True,drawing,1840s,1,../DATA/images/img_572.jpg
1881,https://images.metmuseum.org/CRDImages/ep/original/DT2165.jpg,True,painting,1880s,0,../DATA/images/img_573.jpg
1831,https://images.metmuseum.org/CRDImages/ep/original/DP157664.jpg,True,painting,1830s,0,../DATA/images/img_574.jpg
1837,https://images.metmuseum.org/CRDImages/ep/original/DP-27364-001.jpg,True,painting,1830s,0,../DATA/images/img_575.jpg
1839,https://images.metmuseum.org/CRDImages/ep/original/DP-19487-001.jpg,True,painting,1830s,0,../DATA/images/img_576.jpg
1800,https://images.metmuseum.org/CRDImages/ep/original/DP150997.jpg,True,painting,1800s,0,../DATA/images/img_577.jpg
1826,https://images.metmuseum.org/CRDImages/ep/original/DP164827.jpg,True,painting,1820s,0,../DATA/images/img_578.jpg
1830,https://images.metmuseum.org/CRDImages/dp/original/DP805874.jpg,True,drawing,1830s,1,../DATA/images/img_579.jpg
1830,https://images.metmuseum.org/CRDImages/ep/original/ep1992.104.R.jpg,True,painting,1830s,0,../DATA/images/img_580.jpg
1887,https://images.metmuseum.org/CRDImages/dp/original/DP-30146-001.jpg,True,drawing,1880s,1,../DATA/images/img_581.jpg
1888,https://images.metmuseum.org/CRDImages/dp/original/DP805495.jpg,True,drawing,1880s,1,../DATA/images/img_582.jpg
1850,https://images.metmuseum.org/CRDImages/ep/original/DP-14274-007.jpg,True,painting,1850s,0,../DATA/images/img_583.jpg
1844,https://images.metmuseum.org/CRDImages/dp/original/DP826426.jpg,True,drawing,1840s,1,../DATA/images/img_584.jpg
1850,https://images.metmuseum.org/CRDImages/dp/original/DP811641.jpg,True,drawing,1850s,1,../DATA/images/img_585.jpg
1825,https://images.metmuseum.org/CRDImages/dp/original/DP805606.jpg,True,drawing,1820s,1,../DATA/images/img_586.jpg
1800,https://images.metmuseum.org/CRDImages/dp/original/DP804518.jpg,True,drawing,1800s,1,../DATA/images/img_587.jpg
1813,https://images.metmuseum.org/CRDImages/dp/original/DP805387.jpg,True,drawing,1810s,1,../DATA/images/img_588.jpg
1815,https://images.metmuseum.org/CRDImages/dp/original/DP873593.jpg,True,drawing,1810s,1,../DATA/images/img_589.jpg
1857,https://images.metmuseum.org/CRDImages/ep/original/DT1961.jpg,True,painting,1850s,0,../DATA/images/img_590.jpg
1883,https://images.metmuseum.org/CRDImages/dp/original/DP805824.jpg,True,drawing,1880s,1,../DATA/images/img_591.jpg
1835,https://images.metmuseum.org/CRDImages/dp/original/DP818891.jpg,True,drawing,1830s,1,../DATA/images/img_592.jpg
1879,https://images.metmuseum.org/CRDImages/dp/original/DP805118.jpg,True,drawing,1870s,1,../DATA/images/img_593.jpg
1815,https://images.metmuseum.org/CRDImages/ep/original/DP169500.jpg,True,painting,1810s,0,../DATA/images/img_594.jpg
1858,https://images.metmuseum.org/CRDImages/ep/original/DP-23076-001.jpg,True,painting,1850s,0,../DATA/images/img_595.jpg
1800,https://images.metmuseum.org/CRDImages/dp/original/DP812584.jpg,True,drawing,1800s,1,../DATA/images/img_596.jpg
1870,https://images.metmuseum.org/CRDImages/dp/original/DP812188.jpg,True,drawing,1870s,1,../DATA/images/img_597.jpg
1849,https://images.metmuseum.org/CRDImages/ep/original/DP352743.jpg,True,painting,1840s,0,../DATA/images/img_598.jpg
1818,https://images.metmuseum.org/CRDImages/ep/original/DT1997.jpg,True,painting,1810s,0,../DATA/images/img_599.jpg
1860,https://images.metmuseum.org/CRDImages/dp/original/DP805081.jpg,True,drawing,1870s,1,../DATA/images/img_600.jpg
1840,https://images.metmuseum.org/CRDImages/dp/original/DP885520.jpg,True,drawing,1840s,1,../DATA/images/img_601.jpg
1810,https://images.metmuseum.org/CRDImages/ep/original/159391.jpg,True,painting,1810s,0,../DATA/images/img_602.jpg
1858,https://images.metmuseum.org/CRDImages/ep/original/DP207320.jpg,True,painting,1850s,0,../DATA/images/img_603.jpg
1895,https://images.metmuseum.org/CRDImages/dp/original/DP805787.jpg,True,drawing,1890s,1,../DATA/images/img_604.jpg
1810,https://images.metmuseum.org/CRDImages/ep/original/259953.jpg,True,painting,1810s,0,../DATA/images/img_605.jpg
1862,https://images.metmuseum.org/CRDImages/ep/original/DP-25649-001.jpg,True,painting,1870s,0,../DATA/images/img_606.jpg
1868,https://images.metmuseum.org/CRDImages/ep/original/DP354141.jpg,True,painting,1870s,0,../DATA/images/img_607.jpg
1815,https://images.metmuseum.org/CRDImages/ep/original/DP-34307-001.jpg,True,painting,1810s,0,../DATA/images/img_608.jpg
1800,https://images.metmuseum.org/CRDImages/dp/original/DP812586.jpg,True,drawing,1800s,1,../DATA/images/img_609.jpg
1828,https://images.metmuseum.org/CRDImages/ep/original/DT374621.jpg,True,painting,1820s,0,../DATA/images/img_610.jpg
1872,https://images.metmuseum.org/CRDImages/dp/original/DP805130.jpg,True,drawing,1870s,1,../DATA/images/img_611.jpg
1810,https://images.metmuseum.org/CRDImages/dp/original/DP827274.jpg,True,drawing,1810s,1,../DATA/images/img_612.jpg
1896,https://images.metmuseum.org/CRDImages/ep/original/DT1863.jpg,True,painting,1890s,0,../DATA/images/img_613.jpg
1850,https://images.metmuseum.org/CRDImages/dp/original/DP811640.jpg,True,drawing,1850s,1,../DATA/images/img_614.jpg
1823,https://images.metmuseum.org/CRDImages/dp/original/DP802629.jpg,True,drawing,1820s,1,../DATA/images/img_615.jpg
1846,https://images.metmuseum.org/CRDImages/ep/original/DT1986.jpg,True,painting,1840s,0,../DATA/images/img_616.jpg
1843,https://images.metmuseum.org/CRDImages/ep/original/DP169610.jpg,True,painting,1840s,0,../DATA/images/img_617.jpg
1877,https://images.metmuseum.org/CRDImages/ep/original/DT840.jpg,True,painting,1870s,0,../DATA/images/img_618.jpg
1832,https://images.metmuseum.org/CRDImages/ep/original/DT2009.jpg,True,painting,1830s,0,../DATA/images/img_619.jpg
1807,https://images.metmuseum.org/CRDImages/ep/original/DP170288.jpg,True,painting,1800s,0,../DATA/images/img_620.jpg
1899,https://images.metmuseum.org/CRDImages/ep/original/DT1559.jpg,True,painting,1890s,0,../DATA/images/img_621.jpg
1860,https://images.metmuseum.org/CRDImages/dp/original/DP811703.jpg,True,drawing,1870s,1,../DATA/images/img_622.jpg
1865,https://images.metmuseum.org/CRDImages/dp/original/DP878686.jpg,True,drawing,1870s,1,../DATA/images/img_623.jpg
1819,https://images.metmuseum.org/CRDImages/ep/original/DT2006.jpg,True,painting,1810s,0,../DATA/images/img_624.jpg
1825,https://images.metmuseum.org/CRDImages/ep/original/DP-19541-001.jpg,True,painting,1820s,0,../DATA/images/img_625.jpg
1810,https://images.metmuseum.org/CRDImages/ep/original/ep95.14.85.R.jpg,True,painting,1810s,0,../DATA/images/img_626.jpg
1818,https://images.metmuseum.org/CRDImages/ep/original/DT2138.jpg,True,painting,1810s,0,../DATA/images/img_627.jpg
1825,https://images.metmuseum.org/CRDImages/dp/original/DP812088.jpg,True,drawing,1820s,1,../DATA/images/img_628.jpg
1857,https://images.metmuseum.org/CRDImages/dp/original/DP809006.jpg,True,drawing,1850s,1,../DATA/images/img_629.jpg
1881,https://images.metmuseum.org/CRDImages/dp/original/DP879493.jpg,True,drawing,1880s,1,../DATA/images/img_630.jpg
1844,https://images.metmuseum.org/CRDImages/dp/original/DP809147.jpg,True,drawing,1840s,1,../DATA/images/img_631.jpg
1850,https://images.metmuseum.org/CRDImages/dp/original/DP811678.jpg,True,drawing,1850s,1,../DATA/images/img_632.jpg
1847,https://images.metmuseum.org/CRDImages/dp/original/DP805446.jpg,True,drawing,1840s,1,../DATA/images/img_633.jpg
1860,https://images.metmuseum.org/CRDImages/dp/original/DP-36335-001.jpg,True,drawing,1870s,1,../DATA/images/img_634.jpg
1850,https://images.metmuseum.org/CRDImages/dp/original/DP877568.jpg,True,drawing,1850s,1,../DATA/images/img_635.jpg
1824,https://images.metmuseum.org/CRDImages/ep/original/DP169629.jpg,True,painting,1820s,0,../DATA/images/img_636.jpg
1816,https://images.metmuseum.org/CRDImages/ep/original/DP-13141-001.jpg,True,painting,1810s,0,../DATA/images/img_637.jpg
1888,https://images.metmuseum.org/CRDImages/dp/original/DP-30144-001.jpg,True,drawing,1880s,1,../DATA/images/img_638.jpg
1800,https://images.metmuseum.org/CRDImages/ep/original/257496.jpg,True,painting,1800s,0,../DATA/images/img_639.jpg
1817,https://images.metmuseum.org/CRDImages/ep/original/EP758.jpg,True,painting,1810s,0,../DATA/images/img_640.jpg
1880,https://images.metmuseum.org/CRDImages/ep/original/DT4224.jpg,True,painting,1880s,0,../DATA/images/img_641.jpg
1821,https://images.metmuseum.org/CRDImages/dp/original/DP283307.jpg,True,drawing,1820s,1,../DATA/images/img_642.jpg
1828,https://images.metmuseum.org/CRDImages/ep/original/DP-22554-001.jpg,True,painting,1820s,0,../DATA/images/img_643.jpg
1846,https://images.metmuseum.org/CRDImages/ep/original/DP-31520-001.jpg,True,painting,1840s,0,../DATA/images/img_644.jpg
1855,https://images.metmuseum.org/CRDImages/dp/original/DP880872.jpg,True,drawing,1850s,1,../DATA/images/img_645.jpg
1878,https://images.metmuseum.org/CRDImages/ep/original/DP-25220-001.jpg,True,painting,1870s,0,../DATA/images/img_646.jpg
1816,https://images.metmuseum.org/CRDImages/dp/original/DP804401.jpg,True,drawing,1810s,1,../DATA/images/img_647.jpg
1866,https://images.metmuseum.org/CRDImages/dp/original/DP804139.jpg,True,drawing,1870s,1,../DATA/images/img_648.jpg
1822,https://images.metmuseum.org/CRDImages/ep/original/DT4276.jpg,True,painting,1820s,0,../DATA/images/img_649.jpg
1856,https://images.metmuseum.org/CRDImages/ep/original/DT1978.jpg,True,painting,1850s,0,../DATA/images/img_650.jpg
1811,https://images.metmuseum.org/CRDImages/ep/original/DP169566.jpg,True,painting,1810s,0,../DATA/images/img_651.jpg
1894,https://images.metmuseum.org/CRDImages/ep/original/DP302453.jpg,True,painting,1890s,0,../DATA/images/img_653.jpg
1800,https://images.metmuseum.org/CRDImages/dp/original/DP803892.jpg,True,drawing,1800s,1,../DATA/images/img_654.jpg
1800,https://images.metmuseum.org/CRDImages/ep/original/28877.jpg,True,painting,1800s,0,../DATA/images/img_655.jpg
1886,https://images.metmuseum.org/CRDImages/ep/original/DP-33709-001.jpg,True,painting,1880s,0,../DATA/images/img_656.jpg
1877,https://images.metmuseum.org/CRDImages/dp/original/DP804732.jpg,True,drawing,1870s,1,../DATA/images/img_657.jpg
1898,https://images.metmuseum.org/CRDImages/dp/original/DP812016.jpg,True,drawing,1890s,1,../DATA/images/img_658.jpg
1800,https://images.metmuseum.org/CRDImages/ep/original/64090.jpg,True,painting,1800s,0,../DATA/images/img_659.jpg
1865,https://images.metmuseum.org/CRDImages/ep/original/DP-14274-003.jpg,True,painting,1870s,0,../DATA/images/img_660.jpg
1805,https://images.metmuseum.org/CRDImages/ep/original/DP169641.jpg,True,painting,1800s,0,../DATA/images/img_661.jpg
1820,https://images.metmuseum.org/CRDImages/ep/original/DP-25221-001.jpg,True,painting,1820s,0,../DATA/images/img_662.jpg
1880,https://images.metmuseum.org/CRDImages/ep/original/DP136266.jpg,True,painting,1880s,0,../DATA/images/img_663.jpg
1837,https://images.metmuseum.org/CRDImages/ep/original/DP289719.jpg,True,painting,1830s,0,../DATA/images/img_664.jpg
1840,https://images.metmuseum.org/CRDImages/ep/original/DP-16688-001.jpg,True,painting,1840s,0,../DATA/images/img_665.jpg
1871,https://images.metmuseum.org/CRDImages/ep/original/DP-15575-001.jpg,True,painting,1870s,0,../DATA/images/img_666.jpg
1863,https://images.metmuseum.org/CRDImages/ep/original/DP318275.jpg,True,painting,1870s,0,../DATA/images/img_667.jpg
1850,https://images.metmuseum.org/CRDImages/dp/original/DP807074.jpg,True,drawing,1850s,1,../DATA/images/img_668.jpg
1832,https://images.metmuseum.org/CRDImages/ep/original/DP169473.jpg,True,painting,1830s,0,../DATA/images/img_669.jpg
1805,https://images.metmuseum.org/CRDImages/ep/original/DP123853.jpg,True,painting,1800s,0,../DATA/images/img_670.jpg
1890,https://images.metmuseum.org/CRDImages/ep/original/DP-23704-001.jpg,True,painting,1890s,0,../DATA/images/img_671.jpg
1899,https://images.metmuseum.org/CRDImages/ep/original/DP-20613-001.jpg,True,painting,1890s,0,../DATA/images/img_672.jpg
1825,https://images.metmuseum.org/CRDImages/ep/original/DP332568.jpg,True,painting,1820s,0,../DATA/images/img_673.jpg
1847,https://images.metmuseum.org/CRDImages/dp/original/DP860315.jpg,True,drawing,1840s,1,../DATA/images/img_674.jpg
1840,https://images.metmuseum.org/CRDImages/dp/original/3700.jpg,True,drawing,1840s,1,../DATA/images/img_675.jpg
1886,https://images.metmuseum.org/CRDImages/dp/original/DP801324.jpg,True,drawing,1880s,1,../DATA/images/img_676.jpg
1892,https://images.metmuseum.org/CRDImages/dp/original/DP877184.jpg,True,drawing,1890s,1,../DATA/images/img_677.jpg
1825,https://images.metmuseum.org/CRDImages/ep/original/209776.jpg,True,painting,1820s,0,../DATA/images/img_678.jpg
1845,https://images.metmuseum.org/CRDImages/dp/original/DP877248.jpg,True,drawing,1840s,1,../DATA/images/img_679.jpg
1891,https://images.metmuseum.org/CRDImages/ep/original/DT1025.jpg,True,painting,1890s,0,../DATA/images/img_680.jpg
1826,https://images.metmuseum.org/CRDImages/ep/original/DP-19540-001.jpg,True,painting,1820s,0,../DATA/images/img_681.jpg
1868,https://images.metmuseum.org/CRDImages/ep/original/DP243839.jpg,True,painting,1870s,0,../DATA/images/img_682.jpg
1844,https://images.metmuseum.org/CRDImages/ep/original/50664.jpg,True,painting,1840s,0,../DATA/images/img_683.jpg
1830,https://images.metmuseum.org/CRDImages/ep/original/DP169391.jpg,True,painting,1830s,0,../DATA/images/img_684.jpg
1880,https://images.metmuseum.org/CRDImages/dp/original/117819.jpg,True,drawing,1880s,1,../DATA/images/img_685.jpg
1822,https://images.metmuseum.org/CRDImages/dp/original/DP805528.jpg,True,drawing,1820s,1,../DATA/images/img_686.jpg
1899,https://images.metmuseum.org/CRDImages/dp/original/DP805785.jpg,True,drawing,1890s,1,../DATA/images/img_687.jpg
1837,https://images.metmuseum.org/CRDImages/ep/original/ep07.233.39.bw.R.jpg,True,painting,1830s,0,../DATA/images/img_688.jpg
1897,https://images.metmuseum.org/CRDImages/ep/original/DT400.jpg,True,painting,1890s,0,../DATA/images/img_689.jpg
1850,https://images.metmuseum.org/CRDImages/dp/original/DP823937.jpg,True,drawing,1850s,1,../DATA/images/img_690.jpg
1842,https://images.metmuseum.org/CRDImages/ep/original/DP-23479-001.jpg,True,painting,1840s,0,../DATA/images/img_691.jpg
1835,https://images.metmuseum.org/CRDImages/dp/original/DP808365.jpg,True,drawing,1830s,1,../DATA/images/img_692.jpg
1895,https://images.metmuseum.org/CRDImages/dp/original/DP808094.jpg,True,drawing,1890s,1,../DATA/images/img_693.jpg
1850,https://images.metmuseum.org/CRDImages/dp/original/DP800896.jpg,True,drawing,1850s,1,../DATA/images/img_694.jpg
1827,https://images.metmuseum.org/CRDImages/ep/original/147886.jpg,True,painting,1820s,0,../DATA/images/img_695.jpg
1841,https://images.metmuseum.org/CRDImages/ep/original/DP-852-001.jpg,True,painting,1840s,0,../DATA/images/img_696.jpg
1800,https://images.metmuseum.org/CRDImages/dp/original/DP809357.jpg,True,drawing,1800s,1,../DATA/images/img_697.jpg
1851,https://images.metmuseum.org/CRDImages/dp/original/DP-15069-017.jpg,True,drawing,1850s,1,../DATA/images/img_698.jpg
1874,https://images.metmuseum.org/CRDImages/ep/original/DP-20101-001.jpg,True,painting,1870s,0,../DATA/images/img_699.jpg
1828,https://images.metmuseum.org/CRDImages/dp/original/DP809831.jpg,True,drawing,1820s,1,../DATA/images/img_700.jpg
1886,https://images.metmuseum.org/CRDImages/dp/original/DP-30148-001.jpg,True,drawing,1880s,1,../DATA/images/img_701.jpg
1885,https://images.metmuseum.org/CRDImages/dp/original/DP806084.jpg,True,drawing,1880s,1,../DATA/images/img_702.jpg
1898,https://images.metmuseum.org/CRDImages/dp/original/DP824207.jpg,True,drawing,1890s,1,../DATA/images/img_703.jpg
1890,https://images.metmuseum.org/CRDImages/ep/original/DP240599.jpg,True,painting,1890s,0,../DATA/images/img_704.jpg
1840,https://images.metmuseum.org/CRDImages/dp/original/DP829452.jpg,True,drawing,1840s,1,../DATA/images/img_705.jpg
1843,https://images.metmuseum.org/CRDImages/dp/original/DP811747.jpg,True,drawing,1840s,1,../DATA/images/img_706.jpg
1889,https://images.metmuseum.org/CRDImages/ep/original/DP-14936-053.jpg,True,painting,1880s,0,../DATA/images/img_707.jpg
1892,https://images.metmuseum.org/CRDImages/dp/original/DP880041.jpg,True,drawing,1890s,1,../DATA/images/img_708.jpg
1850,https://images.metmuseum.org/CRDImages/dp/original/DP811698.jpg,True,drawing,1850s,1,../DATA/images/img_709.jpg
1810,https://images.metmuseum.org/CRDImages/ep/original/DP-23372-001.jpg,True,painting,1810s,0,../DATA/images/img_710.jpg
1895,https://images.metmuseum.org/CRDImages/dp/original/DP-24655-001.jpg,True,drawing,1890s,1,../DATA/images/img_711.jpg
1853,https://images.metmuseum.org/CRDImages/ep/original/DP159188.jpg,True,painting,1850s,0,../DATA/images/img_712.jpg
1837,https://images.metmuseum.org/CRDImages/ep/original/DP-23290-001.jpg,True,painting,1830s,0,../DATA/images/img_713.jpg
1826,https://images.metmuseum.org/CRDImages/ep/original/DP332564.jpg,True,painting,1820s,0,../DATA/images/img_714.jpg
1882,https://images.metmuseum.org/CRDImages/ep/original/DT200593.jpg,True,painting,1880s,0,../DATA/images/img_715.jpg
1885,https://images.metmuseum.org/CRDImages/ep/original/DP-23431-001.jpg,True,painting,1880s,0,../DATA/images/img_716.jpg
1800,https://images.metmuseum.org/CRDImages/ep/original/ep95.14.50.R.jpg,True,painting,1800s,0,../DATA/images/img_717.jpg
1875,https://images.metmuseum.org/CRDImages/ep/original/ep29.100.188.bw.R.jpg,True,painting,1870s,0,../DATA/images/img_718.jpg
1801,https://images.metmuseum.org/CRDImages/ep/original/DP161649.jpg,True,painting,1800s,0,../DATA/images/img_719.jpg
1890,https://images.metmuseum.org/CRDImages/ep/original/DP-21913-001.jpg,True,painting,1890s,0,../DATA/images/img_720.jpg
1800,https://images.metmuseum.org/CRDImages/ep/original/158040.jpg,True,painting,1800s,0,../DATA/images/img_721.jpg
1886,https://images.metmuseum.org/CRDImages/dp/original/DP815487.jpg,True,drawing,1880s,1,../DATA/images/img_722.jpg
1850,https://images.metmuseum.org/CRDImages/ep/original/DP-22882-001.jpg,True,painting,1850s,0,../DATA/images/img_723.jpg
1875,https://images.metmuseum.org/CRDImages/dp/original/DP805210.jpg,True,drawing,1870s,1,../DATA/images/img_724.jpg
1840,https://images.metmuseum.org/CRDImages/dp/original/DP809521.jpg,True,drawing,1840s,1,../DATA/images/img_725.jpg
1820,https://images.metmuseum.org/CRDImages/ep/original/DP295718.jpg,True,painting,1820s,0,../DATA/images/img_726.jpg
1895,https://images.metmuseum.org/CRDImages/dp/original/DP879268.jpg,True,drawing,1890s,1,../DATA/images/img_727.jpg
1895,https://images.metmuseum.org/CRDImages/dp/original/DP-29831-001.jpg,True,drawing,1890s,1,../DATA/images/img_728.jpg
1813,https://images.metmuseum.org/CRDImages/dp/original/DP805710.jpg,True,drawing,1810s,1,../DATA/images/img_729.jpg
1800,https://images.metmuseum.org/CRDImages/dp/original/DP806096.jpg,True,drawing,1800s,1,../DATA/images/img_730.jpg
1810,https://images.metmuseum.org/CRDImages/dp/original/DP805154.jpg,True,drawing,1810s,1,../DATA/images/img_731.jpg
1882,https://images.metmuseum.org/CRDImages/dp/original/DP-29865-001.jpg,True,drawing,1880s,1,../DATA/images/img_732.jpg
1840,https://images.metmuseum.org/CRDImages/dp/original/DP889465.jpg,True,drawing,1840s,1,../DATA/images/img_733.jpg
1851,https://images.metmuseum.org/CRDImages/dp/original/DP-15069-006.jpg,True,drawing,1850s,1,../DATA/images/img_734.jpg
1828,https://images.metmuseum.org/CRDImages/dp/original/DP809866.jpg,True,drawing,1820s,1,../DATA/images/img_735.jpg
1873,https://images.metmuseum.org/CRDImages/dp/original/DP228706.jpg,True,drawing,1870s,1,../DATA/images/img_736.jpg
1861,https://images.metmuseum.org/CRDImages/ep/original/DP338851.jpg,True,painting,1870s,0,../DATA/images/img_737.jpg
1810,https://images.metmuseum.org/CRDImages/ep/original/259972.jpg,True,painting,1810s,0,../DATA/images/img_738.jpg
1800,https://images.metmuseum.org/CRDImages/dp/original/DP803929.jpg,True,drawing,1800s,1,../DATA/images/img_739.jpg
1813,https://images.metmuseum.org/CRDImages/dp/original/DP-15069-001.jpg,True,drawing,1810s,1,../DATA/images/img_740.jpg
1880,https://images.metmuseum.org/CRDImages/dp/original/DP811101.jpg,True,drawing,1880s,1,../DATA/images/img_741.jpg
1847,https://images.metmuseum.org/CRDImages/ep/original/DP-23286-001.jpg,True,painting,1840s,0,../DATA/images/img_742.jpg
1823,https://images.metmuseum.org/CRDImages/ep/original/DT1926.jpg,True,painting,1820s,0,../DATA/images/img_743.jpg
1832,https://images.metmuseum.org/CRDImages/dp/original/DP836127.jpg,True,drawing,1830s,1,../DATA/images/img_744.jpg
1855,https://images.metmuseum.org/CRDImages/dp/original/DP805791.jpg,True,drawing,1850s,1,../DATA/images/img_745.jpg
1871,https://images.metmuseum.org/CRDImages/dp/original/DP805061.jpg,True,drawing,1870s,1,../DATA/images/img_746.jpg
1885,https://images.metmuseum.org/CRDImages/ep/original/DP-14936-033.jpg,True,painting,1880s,0,../DATA/images/img_747.jpg
1823,https://images.metmuseum.org/CRDImages/dp/original/DP832257.jpg,True,drawing,1820s,1,../DATA/images/img_748.jpg
1830,https://images.metmuseum.org/CRDImages/dp/original/DP809700.jpg,True,drawing,1830s,1,../DATA/images/img_749.jpg
1861,https://images.metmuseum.org/CRDImages/ep/original/256657.jpg,True,painting,1870s,0,../DATA/images/img_750.jpg
1815,https://images.metmuseum.org/CRDImages/ep/original/DP169443.jpg,True,painting,1810s,0,../DATA/images/img_751.jpg
1833,https://images.metmuseum.org/CRDImages/ep/original/ep60.71.10.R.jpg,True,painting,1830s,0,../DATA/images/img_752.jpg
1892,https://images.metmuseum.org/CRDImages/dp/original/DP877183.jpg,True,drawing,1890s,1,../DATA/images/img_753.jpg
1887,https://images.metmuseum.org/CRDImages/dp/original/63080.jpg,True,drawing,1880s,1,../DATA/images/img_754.jpg
1801,https://images.metmuseum.org/CRDImages/ep/original/262810.jpg,True,painting,1800s,0,../DATA/images/img_755.jpg
1822,https://images.metmuseum.org/CRDImages/ep/original/DP150998.jpg,True,painting,1820s,0,../DATA/images/img_756.jpg
1879,https://images.metmuseum.org/CRDImages/ep/original/DT1489.jpg,True,painting,1870s,0,../DATA/images/img_757.jpg
1828,https://images.metmuseum.org/CRDImages/dp/original/DP804265.jpg,True,drawing,1820s,1,../DATA/images/img_758.jpg
1892,https://images.metmuseum.org/CRDImages/dp/original/DP877170.jpg,True,drawing,1890s,1,../DATA/images/img_759.jpg
1820,https://images.metmuseum.org/CRDImages/dp/original/DP823476.jpg,True,drawing,1820s,1,../DATA/images/img_760.jpg
1800,https://images.metmuseum.org/CRDImages/ep/original/DP-22708-001.jpg,True,painting,1800s,0,../DATA/images/img_761.jpg
1858,https://images.metmuseum.org/CRDImages/ep/original/DP-23346-001.jpg,True,painting,1850s,0,../DATA/images/img_762.jpg
1829,https://images.metmuseum.org/CRDImages/ep/original/DP281416.jpg,True,painting,1820s,0,../DATA/images/img_763.jpg
1846,https://images.metmuseum.org/CRDImages/ep/original/DP-14344-001.jpg,True,painting,1840s,0,../DATA/images/img_764.jpg
1822,https://images.metmuseum.org/CRDImages/dp/original/DP805515.jpg,True,drawing,1820s,1,../DATA/images/img_765.jpg
1822,https://images.metmuseum.org/CRDImages/dp/original/DP800160.jpg,True,drawing,1820s,1,../DATA/images/img_766.jpg
1860,https://images.metmuseum.org/CRDImages/dp/original/DP852159.jpg,True,drawing,1870s,1,../DATA/images/img_767.jpg
1895,https://images.metmuseum.org/CRDImages/ep/original/DT1866.jpg,True,painting,1890s,0,../DATA/images/img_768.jpg
1875,https://images.metmuseum.org/CRDImages/ep/original/DP-23288-001.jpg,True,painting,1870s,0,../DATA/images/img_769.jpg
1819,https://images.metmuseum.org/CRDImages/dp/original/DP856996.jpg,True,drawing,1810s,1,../DATA/images/img_770.jpg
1816,https://images.metmuseum.org/CRDImages/ep/original/DT200600.jpg,True,painting,1810s,0,../DATA/images/img_771.jpg
1862,https://images.metmuseum.org/CRDImages/dp/original/DP888802.jpg,True,drawing,1870s,1,../DATA/images/img_772.jpg
1810,https://images.metmuseum.org/CRDImages/dp/original/DP805133.jpg,True,drawing,1810s,1,../DATA/images/img_773.jpg
1847,https://images.metmuseum.org/CRDImages/dp/original/DP836113.jpg,True,drawing,1840s,1,../DATA/images/img_774.jpg
1842,https://images.metmuseum.org/CRDImages/ep/original/DP-14092-001.jpg,True,painting,1840s,0,../DATA/images/img_775.jpg
1833,https://images.metmuseum.org/CRDImages/ep/original/DT6486.jpg,True,painting,1830s,0,../DATA/images/img_776.jpg
1850,https://images.metmuseum.org/CRDImages/dp/original/DP879222.jpg,True,drawing,1850s,1,../DATA/images/img_777.jpg
1830,https://images.metmuseum.org/CRDImages/dp/original/DP819340.jpg,True,drawing,1830s,1,../DATA/images/img_778.jpg
1830,https://images.metmuseum.org/CRDImages/dp/original/DP819359.jpg,True,drawing,1830s,1,../DATA/images/img_779.jpg
1805,https://images.metmuseum.org/CRDImages/ep/original/175445.jpg,True,painting,1800s,0,../DATA/images/img_780.jpg
1885,https://images.metmuseum.org/CRDImages/ep/original/DP253483.jpg,True,painting,1880s,0,../DATA/images/img_781.jpg
1897,https://images.metmuseum.org/CRDImages/dp/original/DP805023.jpg,True,drawing,1890s,1,../DATA/images/img_782.jpg
1857,https://images.metmuseum.org/CRDImages/dp/original/DP809350.jpg,True,drawing,1850s,1,../DATA/images/img_783.jpg
1890,https://images.metmuseum.org/CRDImages/dp/original/DP-30166-001.jpg,True,drawing,1890s,1,../DATA/images/img_784.jpg
1800,https://images.metmuseum.org/CRDImages/dp/original/DP803890.jpg,True,drawing,1800s,1,../DATA/images/img_785.jpg
1894,https://images.metmuseum.org/CRDImages/ep/original/DP-20336-001.jpg,True,painting,1890s,0,../DATA/images/img_786.jpg
1864,https://images.metmuseum.org/CRDImages/ep/original/DP-23345-001.jpg,True,painting,1870s,0,../DATA/images/img_787.jpg
1857,https://images.metmuseum.org/CRDImages/ep/original/DP212152.jpg,True,painting,1850s,0,../DATA/images/img_788.jpg
1893,https://images.metmuseum.org/CRDImages/dp/original/DP-21089-001.jpg,True,drawing,1890s,1,../DATA/images/img_789.jpg
1890,https://images.metmuseum.org/CRDImages/dp/original/DP-30171-001.jpg,True,drawing,1890s,1,../DATA/images/img_790.jpg
1827,https://images.metmuseum.org/CRDImages/dp/original/DP800746.jpg,True,drawing,1820s,1,../DATA/images/img_791.jpg
1879,https://images.metmuseum.org/CRDImages/ep/original/DT241540.jpg,True,painting,1870s,0,../DATA/images/img_792.jpg
1820,https://images.metmuseum.org/CRDImages/dp/original/DP805946.jpg,True,drawing,1820s,1,../DATA/images/img_793.jpg
1840,https://images.metmuseum.org/CRDImages/dp/original/DP807506.jpg,True,drawing,1840s,1,../DATA/images/img_794.jpg
1891,https://images.metmuseum.org/CRDImages/ep/original/DP-14201-001.jpg,True,painting,1890s,0,../DATA/images/img_795.jpg
1876,https://images.metmuseum.org/CRDImages/ep/original/DP-21607-001.jpg,True,painting,1870s,0,../DATA/images/img_796.jpg
1813,https://images.metmuseum.org/CRDImages/ep/original/DP-647-001.jpg,True,painting,1810s,0,../DATA/images/img_797.jpg
1891,https://images.metmuseum.org/CRDImages/dp/original/DP881208.jpg,True,drawing,1890s,1,../DATA/images/img_798.jpg
1885,https://images.metmuseum.org/CRDImages/dp/original/DP224970.jpg,True,drawing,1880s,1,../DATA/images/img_800.jpg
1811,https://images.metmuseum.org/CRDImages/dp/original/DP885281.jpg,True,drawing,1810s,1,../DATA/images/img_801.jpg
1808,https://images.metmuseum.org/CRDImages/ep/original/DP274955.jpg,True,painting,1800s,0,../DATA/images/img_802.jpg
1850,https://images.metmuseum.org/CRDImages/dp/original/DP811650.jpg,True,drawing,1850s,1,../DATA/images/img_803.jpg
1830,https://images.metmuseum.org/CRDImages/dp/original/DP819356.jpg,True,drawing,1830s,1,../DATA/images/img_804.jpg
1895,https://images.metmuseum.org/CRDImages/dp/original/DP-39390-001.jpg,True,drawing,1890s,1,../DATA/images/img_805.jpg
1810,https://images.metmuseum.org/CRDImages/ep/original/DP331536.jpg,True,painting,1810s,0,../DATA/images/img_806.jpg
1856,https://images.metmuseum.org/CRDImages/ep/original/DP158871.jpg,True,painting,1850s,0,../DATA/images/img_807.jpg
1820,https://images.metmuseum.org/CRDImages/dp/original/DP803975.jpg,True,drawing,1820s,1,../DATA/images/img_808.jpg
